food_name,food_category,edible_part,calorie,protein,fat,carbohydrate
炼乳（甜，罐头）,乳类及其制品-其他,100.0,332.0,8.0,8.7,55.4
奶皮子,乳类及其制品-其他,100.0,460.0,12.2,42.9,6.3
奶片,乳类及其制品-其他,100.0,472.0,13.3,20.2,59.3
全脂甜炼乳（雀巢）,乳类及其制品-其他,100.0,380.0,7.5,10.0,64.9
全脂甜炼乳（燕山牌）,乳类及其制品-其他,100.0,374.0,8.2,10.0,62.8
脱脂甜炼乳,乳类及其制品-其他,100.0,275.0,10.3,0.2,58.0
蛋白粉（益力健乳铁乳清蛋白粉）,乳类及其制品-其他,100.0,425.0,50.0,12.5,28.0
牛初乳奶片（纽瑞滋牛初乳咀嚼奶片）,乳类及其制品-其他,100.0,347.0,27.0,4.5,49.5
奶渣,乳类及其制品-其他,100.0,381.0,44.4,4.2,41.3
奶油,乳类及其制品-奶油,100.0,879.0,0.7,97.0,0.9
奶油（焦克）,乳类及其制品-奶油,100.0,447.0,3.0,48.3,0.0
奶油（食品工业）,乳类及其制品-奶油,100.0,504.0,1.1,55.5,0.0
黄油,乳类及其制品-奶油,100.0,888.0,1.4,98.0,0.0
黄油渣,乳类及其制品-奶油,100.0,599.0,11.1,43.8,40.0
白脱（食品工业）[牛油、黄油],乳类及其制品-奶油,100.0,744.0,0.0,82.7,0.0
酥油,乳类及其制品-奶油,100.0,860.0,1.5,94.4,1.1
酥油茶（原味）,乳类及其制品-奶油,100.0,465.0,3.0,17.7,73.3
全脂奶粉（多维奶粉）,乳类及其制品-奶粉,100.0,484.0,19.9,22.7,49.9
全脂奶粉（代表值）,乳类及其制品-奶粉,100.0,482.0,19.9,22.3,50.5
全脂奶粉,乳类及其制品-奶粉,100.0,478.0,20.1,21.2,51.7
全脂奶粉（速溶）,乳类及其制品-奶粉,100.0,466.0,19.9,18.9,54.0
全脂奶粉（雀巢）,乳类及其制品-奶粉,100.0,504.0,24.0,28.0,39.0
全脂奶粉（伊利牌）,乳类及其制品-奶粉,100.0,504.0,22.0,26.0,45.5
全脂奶粉(红星速溶加锌奶粉),乳类及其制品-奶粉,100.0,478.0,18.5,20.8,54.1
全脂奶粉（欧世蒙牛多维高钙高铁奶粉）,乳类及其制品-奶粉,100.0,473.0,18.2,21.7,51.1
全脂奶粉（雪花钙加锌调制奶粉）,乳类及其制品-奶粉,100.0,461.0,17.0,19.0,55.5
全脂奶粉（雪花高钙多维调制奶粉）,乳类及其制品-奶粉,100.0,484.0,19.5,22.0,52.0
全脂甜奶粉（代表值）,乳类及其制品-奶粉,100.0,485.0,20.2,22.9,49.6
全脂甜奶粉,乳类及其制品-奶粉,100.0,490.0,22.5,23.4,47.4
全脂甜奶粉（伊利牌）,乳类及其制品-奶粉,100.0,476.0,19.0,21.0,52.8
全脂甜奶粉(飞鹤全脂甜乳粉),乳类及其制品-奶粉,100.0,479.0,20.0,23.0,48.0
全脂甜奶粉（红星速溶全脂甜奶粉）,乳类及其制品-奶粉,100.0,481.0,18.5,23.0,50.0
全脂甜奶粉（三元燕山牌全脂甜奶粉）,乳类及其制品-奶粉,100.0,500.0,21.0,24.0,50.0
"低脂奶粉(代表值,高钙高铁)",乳类及其制品-奶粉,100.0,425.0,23.7,11.9,55.9
"低脂奶粉（高钙高铁,雀巢）",乳类及其制品-奶粉,100.0,413.0,27.0,11.7,50.0
"低脂奶粉（高钙高铁,伊利牌）",乳类及其制品-奶粉,100.0,423.0,27.0,11.0,53.9
"低脂奶粉（高钙高铁,可淇牌）",乳类及其制品-奶粉,100.0,437.0,17.0,13.0,63.0
全脂奶粉（全脂羊乳粉）,乳类及其制品-奶粉,100.0,498.0,18.8,25.2,49.0
"驴奶粉（花麒牌,西域龙驴奶粉）",乳类及其制品-奶粉,100.0,442.0,20.1,12.4,62.4
驴奶粉（金驴龙奶）,乳类及其制品-奶粉,100.0,416.0,14.8,8.2,70.8
"驴奶粉(源西域牌,冻干特质)",乳类及其制品-奶粉,100.0,428.0,19.3,12.3,60.0
"驼奶粉(花麒牌,西域龙驼奶粉)",乳类及其制品-奶粉,100.0,528.0,20.2,30.4,43.4
驼奶粉(天山牧歌牌),乳类及其制品-奶粉,100.0,513.0,16.7,28.6,47.1
"驼奶粉(旺源牌,全脂驼乳粉)",乳类及其制品-奶粉,100.0,545.0,21.3,34.6,37.0
儿童配方奶粉(代表值),乳类及其制品-奶粉,100.0,454.0,19.0,17.3,56.1
"儿童配方奶粉(安儿健A+,美赞臣)",乳类及其制品-奶粉,100.0,428.0,17.9,11.1,64.0
"儿童配方奶粉(适体健,美赞臣)",乳类及其制品-奶粉,100.0,417.0,16.0,9.0,68.0
儿童配方奶粉(惠氏),乳类及其制品-奶粉,100.0,451.0,17.0,15.0,62.0
儿童配方奶粉(可淇牌),乳类及其制品-奶粉,100.0,457.0,17.0,17.0,59.0
儿童配方奶粉(完达山牌),乳类及其制品-奶粉,100.0,458.0,17.0,18.0,57.0
儿童配方奶粉(贝因美特选幼童配方奶粉4阶段),乳类及其制品-奶粉,100.0,473.0,18.0,19.5,56.6
儿童配方奶粉(多美滋优阶儿童配方奶粉),乳类及其制品-奶粉,100.0,406.0,19.6,10.0,59.4
儿童配方奶粉(惠氏金装学儿乐学龄前儿童配方奶粉),乳类及其制品-奶粉,100.0,442.0,17.0,16.0,58.9
儿童配方奶粉(美素佳儿GOLD金装儿童配方奶粉),乳类及其制品-奶粉,100.0,452.0,25.8,17.0,49.0
儿童配方奶粉(美赞臣安儿健儿童配方奶粉),乳类及其制品-奶粉,100.0,434.0,20.0,12.0,63.0
儿童配方奶粉(明治珍爱童儿童配方奶粉),乳类及其制品-奶粉,100.0,465.0,20.0,19.0,53.7
儿童配方奶粉（欧世蒙牛奶装佳智学龄前儿童特殊配方奶粉4阶段）,乳类及其制品-奶粉,100.0,470.0,17.9,20.9,52.5
儿童配方奶粉（雀巢能恩全进口奶源儿童配方奶粉4）,乳类及其制品-奶粉,100.0,455.0,22.0,19.0,49.0
儿童配方奶粉（三元爱益儿童成长配方奶粉）,乳类及其制品-奶粉,100.0,500.0,20.0,20.0,60.0
儿童配方奶粉（完达山4段儿童奶粉）,乳类及其制品-奶粉,100.0,462.0,17.1,19.2,55.7
儿童配方奶粉（完达山金装元乳4段儿童奶粉）,乳类及其制品-奶粉,100.0,466.0,17.5,19.8,54.8
儿童配方奶粉（雪花学生特殊配方奶粉）,乳类及其制品-奶粉,100.0,461.0,17.5,19.0,55.0
儿童配方奶粉（雪花学生营养奶粉）,乳类及其制品-奶粉,100.0,463.0,17.8,19.5,54.0
儿童配方奶粉（雅培金装喜康宝儿童配方奶粉）,乳类及其制品-奶粉,100.0,444.0,17.5,15.9,58.1
儿童配方奶粉（雅士利儿童奶粉）,乳类及其制品-奶粉,100.0,460.0,21.6,18.0,53.0
儿童配方奶粉（伊利儿童配方奶粉）,乳类及其制品-奶粉,100.0,465.0,21.0,20.0,50.6
儿童配方奶粉（伊利金领冠儿童配方奶粉）,乳类及其制品-奶粉,100.0,467.0,21.5,20.0,50.6
儿童配方奶粉（伊利金装儿童配方奶粉）,乳类及其制品-奶粉,100.0,467.0,21.5,20.0,50.6
儿童配方奶粉（伊利学生营养奶粉）,乳类及其制品-奶粉,100.0,464.0,18.0,20.0,53.0
孕产妇配方奶粉(代表值),乳类及其制品-奶粉,100.0,413.0,22.0,9.8,60.5
孕产妇配方奶粉（惠氏）,乳类及其制品-奶粉,100.0,405.0,16.0,6.8,70.0
孕产妇配方奶粉（美赞臣）,乳类及其制品-奶粉,100.0,378.0,23.3,3.9,62.4
孕产妇配方奶粉（贝因美冠军宝贝孕妈咪配方奶粉）,乳类及其制品-奶粉,100.0,425.0,22.5,12.0,59.0
孕产妇配方奶粉（贝因美金装爱+孕妈咪配方奶粉）,乳类及其制品-奶粉,100.0,434.0,22.5,12.0,59.0
孕产妇配方奶粉（贝因美金装爱+准妈咪配方奶粉）,乳类及其制品-奶粉,100.0,426.0,22.5,10.0,61.5
孕产妇配方奶粉（多美滋优阶妈妈孕产妇配方奶粉）,乳类及其制品-奶粉,100.0,360.0,20.5,2.5,67.4
孕产妇配方奶粉（飞帆孕产妇配方乳粉）,乳类及其制品-奶粉,100.0,460.0,18.0,17.5,57.7
孕产妇配方奶粉（合生元金装妈妈配方奶粉）,乳类及其制品-奶粉,100.0,380.0,27.0,2.8,62.7
孕产妇配方奶粉（亨氏超金妈妈孕产妇配方奶粉）,乳类及其制品-奶粉,100.0,398.0,26.0,8.0,57.0
孕产妇配方奶粉（惠氏爱儿乐妈妈孕产妇配方奶粉）,乳类及其制品-奶粉,100.0,406.0,19.0,6.9,67.0
孕产妇配方奶粉（美素佳儿GOLD金装妈妈孕产妇配方奶粉）,乳类及其制品-奶粉,100.0,454.0,27.0,17.5,47.1
孕产妇配方奶粉（美赞臣安婴妈妈孕产妇配方奶粉）,乳类及其制品-奶粉,100.0,383.0,24.0,4.3,62.0
孕产妇配方奶粉（雀巢妈妈孕产妇奶粉）,乳类及其制品-奶粉,100.0,407.0,20.0,6.5,67.0
孕产妇配方奶粉（雀巢妈妈孕产妇营养配方奶粉）,乳类及其制品-奶粉,100.0,402.0,20.0,6.0,67.0
孕产妇配方奶粉（三元爱力优妈妈配方奶粉）,乳类及其制品-奶粉,100.0,438.0,22.5,13.8,56.3
孕产妇配方奶粉（圣元优博妈咪孕产妇配方奶粉）,乳类及其制品-奶粉,100.0,440.0,22.0,16.0,52.0
孕产妇配方奶粉（完达山妈咪配方奶粉）,乳类及其制品-奶粉,100.0,455.0,22.5,17.5,52.4
孕产妇配方奶粉（雅培妈妈喜康素金装孕产妇配方奶粉）,乳类及其制品-奶粉,100.0,367.0,23.1,2.0,66.0
孕产妇配方奶粉（雅士利能慧金装孕产妇奶粉）,乳类及其制品-奶粉,100.0,425.0,20.6,12.5,59.0
孕产妇配方奶粉（伊利金领冠妈妈配方奶粉）,乳类及其制品-奶粉,100.0,456.0,22.0,14.0,60.9
孕产妇配方奶粉（伊利孕妇奶粉）,乳类及其制品-奶粉,100.0,441.0,22.0,14.0,56.7
孕产妇配方羊奶粉（美可高特孕产妇配方羊奶粉）,乳类及其制品-奶粉,100.0,447.0,22.0,15.5,54.9
中老年配方奶粉(代表值),乳类及其制品-奶粉,100.0,424.0,21.8,12.8,55.7
中老年配方奶粉(可祺牌),乳类及其制品-奶粉,100.0,432.0,18.0,12.0,63.0
中老年配方奶粉(雀巢),乳类及其制品-奶粉,100.0,429.0,30.0,14.4,44.8
中老年配方奶粉(森永牌),乳类及其制品-奶粉,100.0,418.0,22.0,10.0,60.0
中老年配方奶粉（三元爱益中老年配方奶粉）,乳类及其制品-奶粉,100.0,448.0,20.0,13.0,63.0
中老年配方奶粉（雪花中老年特殊配方奶粉）,乳类及其制品-奶粉,100.0,432.0,20.0,13.6,58.0
中老年营养奶粉（雪花中老年营养奶粉）,乳类及其制品-奶粉,100.0,440.0,21.0,14.0,58.0
奶酪 [干酪],乳类及其制品-奶酪,100.0,328.0,25.7,23.5,3.5
奶豆腐（脱脂）,乳类及其制品-奶酪,100.0,343.0,53.7,2.5,26.5
奶豆腐（鲜）,乳类及其制品-奶酪,100.0,305.0,46.2,7.8,12.5
奶疙瘩 [ 奶酪干，干酸奶 ],乳类及其制品-奶酪,100.0,426.0,55.1,15.0,17.7
乳酪（契达干酪，普通）,乳类及其制品-奶酪,100.0,412.0,25.5,34.4,0.1
乳酪（契达干酪，脱脂）,乳类及其制品-奶酪,100.0,261.0,31.5,15.0,0.0
曲拉,乳类及其制品-奶酪,100.0,356.0,39.1,2.9,43.4
乳酪（全脂软酪）,乳类及其制品-奶酪,100.0,313.0,8.6,31.0,0.0
酸酪蛋,乳类及其制品-奶酪,100.0,443.0,40.4,20.4,24.4
乳酪（羊乳酪）,乳类及其制品-奶酪,100.0,250.0,15.6,20.2,1.5
乳酪（中脂软酪）,乳类及其制品-奶酪,100.0,180.0,9.2,14.5,3.1
奶酪（光明牌）,乳类及其制品-奶酪,100.0,348.0,16.5,28.4,6.5
奶酪（骑士牌）,乳类及其制品-奶酪,100.0,386.0,23.0,25.4,16.3
低脂奶酪,乳类及其制品-奶酪,100.0,241.0,21.6,11.6,12.6
硬质干酪,乳类及其制品-奶酪,100.0,411.0,24.9,34.5,0.1
奶酪（爱氏晨曦牌，儿童奶酪条）,乳类及其制品-奶酪,100.0,295.0,23.9,22.1,0.0
奶酪（百嘉儿童干酪条）,乳类及其制品-奶酪,100.0,272.0,25.0,18.4,1.5
奶酪（多美鲜牌，欧洲奶油奶酪）,乳类及其制品-奶酪,100.0,356.0,13.1,23.4,23.2
奶酪（天润牌，无限欢酪）,乳类及其制品-奶酪,100.0,515.0,3.5,33.0,51.0
酸奶疙瘩（干，农户家）,乳类及其制品-奶酪,100.0,446.0,48.8,18.6,20.9
酸奶疙瘩（干，市售）,乳类及其制品-奶酪,100.0,451.0,31.1,27.6,19.6
酸奶疙瘩（干，市售，加盐）,乳类及其制品-奶酪,100.0,383.0,51.6,11.7,17.8
酸奶疙瘩（瑞缘牌，中脂特硬质干酪）,乳类及其制品-奶酪,100.0,456.0,14.4,22.3,49.5
酸奶疙瘩（新鲜）,乳类及其制品-奶酪,100.0,275.0,18.6,16.8,12.4
纯牛奶（代表值，全脂）,乳类及其制品-液态乳,100.0,65.0,3.3,3.6,4.9
纯牛奶（全脂，美国牛）,乳类及其制品-液态乳,100.0,59.0,2.9,3.2,4.6
纯牛奶（全脂，德国牛）,乳类及其制品-液态乳,100.0,60.0,3.1,3.0,5.1
纯牛奶（全脂，光明牌）,乳类及其制品-液态乳,100.0,61.0,3.1,3.2,5.0
纯牛奶（全脂，乐百氏牌）,乳类及其制品-液态乳,100.0,67.0,3.3,3.8,4.8
纯牛奶（全脂，帕玛拉特牌）,乳类及其制品-液态乳,100.0,61.0,3.0,3.1,5.3
纯牛奶（全脂，三元牌）,乳类及其制品-液态乳,100.0,69.0,3.4,3.9,5.1
纯牛奶（全脂，完达山牌）,乳类及其制品-液态乳,100.0,60.0,2.9,3.2,4.9
纯牛奶（全脂，龙丹牌）,乳类及其制品-液态乳,100.0,66.0,2.9,3.8,5.1
纯牛奶（全脂，蒙牛牌）,乳类及其制品-液态乳,100.0,67.0,3.1,3.7,5.3
纯牛奶（全脂，新南洋牌）,乳类及其制品-液态乳,100.0,67.0,3.1,3.8,5.1
纯牛奶（全脂，帕玛拉特）,乳类及其制品-液态乳,100.0,61.0,2.9,3.2,5.1
纯牛奶（全脂，伊利牌）,乳类及其制品-液态乳,100.0,68.0,3.2,3.7,5.4
纯牛奶（全脂，爱尔兰金凯利全脂牛奶）,乳类及其制品-液态乳,100.0,62.0,3.2,3.6,4.1
纯牛奶（全脂，澳大利亚澳田纯牛奶）,乳类及其制品-液态乳,100.0,62.0,3.6,3.5,3.9
纯牛奶（全脂，比利时纯牧牛奶）,乳类及其制品-液态乳,100.0,61.0,3.5,3.4,4.0
纯牛奶（全脂，波兰美波全脂纯牛奶）,乳类及其制品-液态乳,100.0,75.0,3.2,3.4,7.8
纯牛奶（全脂，丹麦爱氏晨曦有机全脂牛奶）,乳类及其制品-液态乳,100.0,67.0,3.5,3.6,5.2
纯牛奶（全脂，德国爱氏晨曦纯牛奶）,乳类及其制品-液态乳,100.0,68.0,3.4,3.6,5.5
纯牛奶（全脂，德国甘蒂牧场纯牛奶）,乳类及其制品-液态乳,100.0,64.0,3.3,3.6,4.7
纯牛奶（全脂，法国得乐思全脂牛奶）,乳类及其制品-液态乳,100.0,64.0,3.7,3.6,4.3
纯牛奶（全脂，光明纯牛奶）,乳类及其制品-液态乳,100.0,60.0,3.4,3.4,4.0
纯牛奶（全脂，光明优+高品质纯牛奶）,乳类及其制品-液态乳,100.0,67.0,3.6,3.8,4.5
纯牛奶（全脂，广泽澳醇纯牛奶）,乳类及其制品-液态乳,100.0,63.0,3.5,3.6,4.1
纯牛奶（全脂，花园牌）,乳类及其制品-液态乳,100.0,57.0,2.9,3.3,4.0
纯牛奶（全脂，辉山纯牛奶）,乳类及其制品-液态乳,100.0,66.0,3.5,3.7,4.7
纯牛奶（全脂，龙丹松花江牧场纯牛奶）,乳类及其制品-液态乳,100.0,67.0,3.6,3.7,4.8
纯牛奶（全脂，麦趣尔牌）,乳类及其制品-液态乳,100.0,61.0,2.9,3.1,5.3
纯牛奶（全脂，蒙牛纯牛奶）,乳类及其制品-液态乳,100.0,67.0,3.4,3.8,4.7
纯牛奶（全脂，蒙牛特仑苏有机纯牛奶）,乳类及其制品-液态乳,100.0,69.0,3.4,4.0,4.9
纯牛奶（全脂，明治醇壹高温杀菌乳）,乳类及其制品-液态乳,100.0,67.0,3.6,3.7,4.8
纯牛奶（全脂，瑞士艾美全脂牛奶）,乳类及其制品-液态乳,100.0,70.0,3.2,3.5,6.4
纯牛奶（全脂，圣牧有机纯牛奶）,乳类及其制品-液态乳,100.0,74.0,3.5,4.1,5.7
纯牛奶（全脂，天润牌浓缩纯奶）,乳类及其制品-液态乳,100.0,67.0,3.2,3.5,5.7
"纯牛奶(全脂,完达山纯牛奶)",乳类及其制品-液态乳,100.0,66.0,3.5,4.2,3.6
"纯牛奶(全脂,西域春牌)",乳类及其制品-液态乳,100.0,59.0,2.9,3.1,4.8
"纯牛奶(全脂,夏进纯牛奶)",乳类及其制品-液态乳,100.0,63.0,3.5,3.5,4.4
"纯牛奶(全脂,现代牧业纯牛奶)",乳类及其制品-液态乳,100.0,66.0,3.3,3.6,5.1
"纯牛奶(全脂,新希望复原乳)",乳类及其制品-液态乳,100.0,63.0,3.0,3.6,4.6
"纯牛奶(全脂,新希望千岛湖牧场纯牛奶)",乳类及其制品-液态乳,100.0,62.0,3.2,3.5,4.3
"纯牛奶(全脂,伊利纯牛奶)",乳类及其制品-液态乳,100.0,66.0,3.4,3.9,4.2
"纯牛奶(全脂,伊利金典有机机纯牛奶)",乳类及其制品-液态乳,100.0,73.0,3.5,4.1,5.4
"纯牛奶(全脂,意大利培兰全脂纯牛奶)",乳类及其制品-液态乳,100.0,63.0,3.5,3.6,4.2
"纯牛奶(低脂,帕玛拉特)",乳类及其制品-液态乳,100.0,43.0,2.9,1.3,5.0
"纯牛奶(代表值,低脂)",乳类及其制品-液态乳,100.0,47.0,3.5,1.5,4.8
"纯牛奶(低脂,澳大利亚德运部分脱脂纯牛奶)",乳类及其制品-液态乳,100.0,51.0,3.3,2.0,5.0
"纯牛奶(低脂,德国艾德牧牌部分脱脂纯牛奶)",乳类及其制品-液态乳,100.0,45.0,3.5,1.7,3.8
"纯牛奶(低脂,蒙牛特仑苏低脂牛奶)",乳类及其制品-液态乳,100.0,48.0,3.8,1.3,5.2
"纯牛奶(低脂,明治醇壹低脂肪高温杀菌乳)",乳类及其制品-液态乳,100.0,46.0,3.6,1.2,5.2
"纯牛奶(低脂,新西兰安佳低脂牛奶)",乳类及其制品-液态乳,100.0,51.0,3.8,1.5,5.5
"纯牛奶(低脂,新西兰恒天然田园低脂牛奶)",乳类及其制品-液态乳,100.0,45.0,3.7,1.7,3.8
纯牛奶（低脂，伊利金典低脂奶）,乳类及其制品-液态乳,100.0,48.0,3.7,1.3,5.4
纯牛奶（低脂，意大利皮尔蒙特低脂牛奶）,乳类及其制品-液态乳,100.0,45.0,3.4,1.4,4.6
纯牛奶（脱脂，帕玛拉特）,乳类及其制品-液态乳,100.0,33.0,2.9,0.2,4.8
纯牛奶（代表值，脱脂）,乳类及其制品-液态乳,100.0,34.0,3.5,0.3,4.6
纯牛奶（脱脂，澳大利亚澳田脱脂牛奶）,乳类及其制品-液态乳,100.0,35.0,3.7,0.3,4.3
纯牛奶（脱脂，丹麦爱氏晨曦脱脂纯牛奶）,乳类及其制品-液态乳,100.0,39.0,3.5,0.3,5.5
纯牛奶（脱脂，德国甘蒂牧场脱脂牛奶）,乳类及其制品-液态乳,100.0,34.0,3.3,0.5,4.0
纯牛奶（脱脂，新西兰安佳轻欣脱脂牛奶）,乳类及其制品-液态乳,100.0,32.0,3.9,0.0,4.2
"调制乳（全脂，强化 VA, VD）",乳类及其制品-液态乳,100.0,51.0,2.7,2.0,5.6
调制乳（全脂，草莓味，卡夫牌）,乳类及其制品-液态乳,100.0,79.0,2.7,3.0,10.3
调制乳（全脂，巧克力味，卡夫牌）,乳类及其制品-液态乳,100.0,80.0,2.8,3.2,10.0
调制乳（全脂，巧克力味，三元牌）,乳类及其制品-液态乳,100.0,74.0,2.3,2.8,9.9
调制乳（全脂，学生奶）,乳类及其制品-液态乳,100.0,66.0,2.6,2.6,8.1
调制乳（全脂，龙丹益醇核桃牛奶）,乳类及其制品-液态乳,100.0,62.0,2.5,2.8,6.6
调制乳（全脂，蒙牛特仑苏醇纤牛奶）,乳类及其制品-液态乳,100.0,72.0,3.4,4.0,5.5
调制乳（全脂，蒙牛珍养型零乳糖牛奶）,乳类及其制品-液态乳,100.0,60.0,3.0,3.5,4.0
调制乳（全脂，完达山臻醇牛奶）,乳类及其制品-液态乳,100.0,69.0,3.4,3.7,5.4
调制乳（全脂，旺仔复原乳牛奶）,乳类及其制品-液态乳,100.0,74.0,2.5,2.6,10.1
调制乳（全脂，夏进炼乳牛奶）,乳类及其制品-液态乳,100.0,71.0,2.5,3.1,8.2
调制乳（全脂，新西兰安佳原味进口儿童牛奶）,乳类及其制品-液态乳,100.0,70.0,3.6,3.5,5.9
调制乳（全脂，新希望特浓牛奶）,乳类及其制品-液态乳,100.0,66.0,3.3,3.5,5.4
调制乳（全脂，伊利舒化奶）,乳类及其制品-液态乳,100.0,68.0,3.5,3.8,5.0
调制乳（全脂，伊利早餐奶麦香味）,乳类及其制品-液态乳,100.0,71.0,2.9,3.2,7.6
调制乳（低脂，强化锌、钙，帕玛拉特）,乳类及其制品-液态乳,100.0,60.0,3.0,3.1,5.0
调制乳（低脂，澳大利亚德运高钙低脂奶）,乳类及其制品-液态乳,100.0,52.0,3.5,1.1,7.1
调制乳（低脂，伊利低脂型舒化奶）,乳类及其制品-液态乳,100.0,46.0,3.4,1.5,4.6
调制乳（低脂，伊利高钙低脂奶）,乳类及其制品-液态乳,100.0,47.0,3.2,1.3,5.5
调制乳（脱脂，部分复原乳，澳大利亚德运高钙脱脂奶）,乳类及其制品-液态乳,100.0,42.0,3.6,0.3,6.2
调制乳（脱脂，伊利脱脂奶）,乳类及其制品-液态乳,100.0,34.0,3.3,0.3,4.5
鲜牛奶（全脂，光明鲜牛奶）,乳类及其制品-液态乳,100.0,63.0,3.4,3.5,4.5
鲜牛奶（代表值，全脂）,乳类及其制品-液态乳,100.0,67.0,3.4,3.7,5.1
鲜牛奶（全脂，辉山鲜博士鲜牛奶）,乳类及其制品-液态乳,100.0,70.0,3.6,4.3,4.1
鲜牛奶（全脂，完达山鲜牛乳）,乳类及其制品-液态乳,100.0,66.0,3.6,3.7,4.6
鲜牛奶（全脂，西域春牌全脂巴氏杀菌乳）,乳类及其制品-液态乳,100.0,63.0,2.5,3.1,6.3
鲜牛奶（全脂，现代牧场景鲜牛奶）,乳类及其制品-液态乳,100.0,64.0,3.4,3.6,4.5
鲜牛奶（全脂，新希望千岛湖牧场鲜牛奶）,乳类及其制品-液态乳,100.0,76.0,3.6,3.9,6.7
鲜牛奶（全脂，一鸣鲜牛奶）,乳类及其制品-液态乳,100.0,66.0,3.5,3.6,5.0
羊乳,乳类及其制品-液态乳,100.0,59.0,1.5,3.5,5.4
人乳,乳类及其制品-液态乳,100.0,65.0,1.3,3.4,7.4
人乳（初乳，1～7天）,乳类及其制品-液态乳,100.0,68.0,2.2,3.8,6.2
人乳（过渡乳，7～14天）,乳类及其制品-液态乳,100.0,73.0,2.2,4.0,7.0
人乳（成熟乳）,乳类及其制品-液态乳,100.0,70.0,1.2,4.4,6.5
鲜驴奶,乳类及其制品-液态乳,100.0,33.0,0.4,0.6,6.5
鲜驴奶（冻）,乳类及其制品-液态乳,100.0,41.0,0.5,1.2,7.0
鲜驴奶（花麒牌，冻）,乳类及其制品-液态乳,100.0,39.0,0.8,1.1,6.5
鲜驼奶,乳类及其制品-液态乳,100.0,72.0,3.7,3.5,6.5
鲜驼奶（冻）,乳类及其制品-液态乳,100.0,86.0,3.6,3.5,9.9
驼奶（旺源牌，易拉罐）,乳类及其制品-液态乳,100.0,81.0,3.9,4.6,6.0
酸奶,乳类及其制品-酸奶,100.0,70.0,3.2,1.9,10.0
酸奶（代表值，全脂）,乳类及其制品-酸奶,100.0,86.0,2.8,2.6,12.9
酸奶（高蛋白）,乳类及其制品-酸奶,100.0,62.0,3.2,2.2,7.3
酸奶（脱脂）,乳类及其制品-酸奶,100.0,57.0,3.3,0.4,10.0
酸奶（低脂）,乳类及其制品-酸奶,100.0,64.0,2.7,1.9,9.0
酸奶（果料）,乳类及其制品-酸奶,100.0,67.0,3.1,1.4,10.4
酸奶（橘味，脱脂）,乳类及其制品-酸奶,100.0,48.0,3.2,0.3,8.2
酸奶（调味）,乳类及其制品-酸奶,100.0,88.0,3.0,3.2,11.9
酸奶（果粒）,乳类及其制品-酸奶,100.0,98.0,3.3,2.9,14.6
酸奶（全脂，多美鲜全脂果粒，草莓果粒/覆盆子果粒、桃果粒/西番莲汁/菠萝果粒）,乳类及其制品-酸奶,100.0,111.0,1.6,2.8,19.9
酸奶（全脂，盖瑞牌，全脂风味发酵乳）,乳类及其制品-酸奶,100.0,93.0,3.1,2.5,14.6
酸奶（全脂，花园牌）,乳类及其制品-酸奶,100.0,77.0,1.6,2.8,11.3
酸奶（全脂，佳丽牌，益家全脂风味发酵乳）,乳类及其制品-酸奶,100.0,95.0,2.9,3.1,13.8
酸奶（全脂，天润牌浓缩酸奶，全脂风味发酵乳）,乳类及其制品-酸奶,100.0,95.0,3.0,2.9,14.1
酸奶（全脂，西域春牌新疆老酸奶，凝固型）,乳类及其制品-酸奶,100.0,96.0,3.1,2.6,15.1
酸奶（低脂，艾美牌，草莓、芒果、蓝莓、覆盆子、菠萝味低脂风味发酵乳）,乳类及其制品-酸奶,100.0,96.0,1.6,2.4,16.9
蜂蛹 [蜂胚、蜂仔],其他类-其他,100.0,100.0,10.6,5.4,2.3
蜂蛹（油蜂，干）,其他类-其他,100.0,669.0,20.0,61.4,9.0
蜂蛹（大黄蜂）,其他类-其他,100.0,109.0,12.1,3.8,6.6
牛蛙,其他类-其他,30.0,81.0,15.7,0.5,3.4
鸡内金,其他类-其他,100.0,359.0,83.1,1.3,3.8
乌梢蛇,其他类-其他,100.0,219.0,49.4,2.0,0.9
团螺蛸,其他类-其他,100.0,365.0,70.2,6.6,6.2
阿胶,其他类-其他,100.0,383.0,73.0,5.8,9.5
珍珠,其他类-其他,100.0,18.0,2.0,0.1,2.4
牛黄,其他类-其他,100.0,353.0,48.0,0.9,38.4
马鹿胎（粉）,其他类-其他,100.0,342.0,36.8,10.8,24.4
蛤蚧,其他类-其他,65.0,382.0,70.8,11.0,0.0
燕窝,其他类-其他,100.0,320.0,57.9,0.2,21.7
蛤蟆油,其他类-其他,100.0,241.0,31.4,1.9,24.6
龟甲,其他类-其他,100.0,134.0,26.4,2.0,2.6
刺猬皮,其他类-其他,100.0,357.0,69.2,8.6,0.8
裙边（干）,其他类-其他,100.0,337.0,81.6,1.2,0.0
鱼肚（干）,其他类-其他,100.0,312.0,75.6,1.0,0.0
鱼唇（干）,其他类-其他,100.0,347.0,83.1,1.6,0.0
牛油（板油）,动物油脂类-动物油脂,100.0,835.0,0.0,92.0,1.8
牛油（炼）,动物油脂类-动物油脂,100.0,898.0,0.0,99.7,0.1
鸭油（炼）,动物油脂类-动物油脂,100.0,897.0,0.0,99.7,0.0
羊油（板油）,动物油脂类-动物油脂,100.0,824.0,0.0,88.0,8.0
羊油（炼）,动物油脂类-动物油脂,100.0,895.0,0.0,99.0,0.9
猪油（板油）,动物油脂类-动物油脂,100.0,827.0,0.0,88.7,7.2
猪油（炼）,动物油脂类-动物油脂,100.0,897.0,0.0,99.6,0.2
白果（干）[银杏],坚果种子类-树坚果,67.0,355.0,13.2,1.3,72.6
菠萝蜜,坚果种子类-树坚果,97.0,164.0,4.9,0.3,36.7
核桃（鲜）,坚果种子类-树坚果,43.0,336.0,12.8,29.9,6.1
核桃（干）[胡桃],坚果种子类-树坚果,43.0,646.0,14.9,58.8,19.1
毛核桃,坚果种子类-树坚果,38.0,184.0,12.0,6.7,21.7
山核桃（干）,坚果种子类-树坚果,24.0,616.0,18.0,50.4,26.2
栗子（鲜）[板栗],坚果种子类-树坚果,80.0,188.0,4.2,0.7,42.2
栗子（干）[板栗],坚果种子类-树坚果,73.0,348.0,5.3,1.7,78.4
栗子（熟）[板栗],坚果种子类-树坚果,78.0,214.0,4.8,1.5,46.0
松子（生）,坚果种子类-树坚果,32.0,665.0,12.6,62.6,19.0
松子（炒）,坚果种子类-树坚果,31.0,644.0,14.1,58.5,21.4
松子仁,坚果种子类-树坚果,100.0,718.0,13.4,70.6,12.2
杏仁,坚果种子类-树坚果,100.0,578.0,22.5,45.4,23.9
杏仁（大杏仁）,坚果种子类-树坚果,100.0,540.0,19.9,42.9,27.8
杏仁（炒）,坚果种子类-树坚果,91.0,618.0,25.7,51.0,18.7
杏仁（原味）,坚果种子类-树坚果,100.0,596.0,21.3,50.6,19.7
杏仁（漂白后）,坚果种子类-树坚果,100.0,602.0,21.9,50.6,19.9
杏仁（过油炸干）,坚果种子类-树坚果,100.0,631.0,21.2,55.2,17.7
杏仁（烤干，不加盐）,坚果种子类-树坚果,100.0,617.0,22.1,52.8,19.3
杏仁（烤干，加盐）,坚果种子类-树坚果,100.0,617.0,22.1,52.8,19.3
橡实[橡子，青冈子],坚果种子类-树坚果,70.0,233.0,4.0,2.0,50.5
榛子（干）,坚果种子类-树坚果,27.0,561.0,20.0,44.8,24.3
榛子（炒）,坚果种子类-树坚果,21.0,611.0,30.5,50.3,13.1
山核桃（熟）[小核桃],坚果种子类-树坚果,45.0,658.0,8.3,64.5,21.3
栗子[板栗],坚果种子类-树坚果,80.0,186.0,4.4,1.6,39.6
栗子仁（熟）,坚果种子类-树坚果,100.0,194.0,4.5,1.5,45.7
松子（熟）,坚果种子类-树坚果,69.0,553.0,12.9,40.4,40.3
杏仁（熟，带壳）,坚果种子类-树坚果,63.0,648.0,25.1,58.4,11.0
杏仁（熟，去壳）,坚果种子类-树坚果,100.0,625.0,28.0,54.4,11.1
腰果（熟）,坚果种子类-树坚果,100.0,615.0,24.0,50.9,20.4
榛子（熟）,坚果种子类-树坚果,66.0,642.0,12.5,57.3,25.6
榛子仁（熟）,坚果种子类-树坚果,100.0,628.0,15.6,52.9,26.7
开心果（熟）,坚果种子类-树坚果,82.0,631.0,20.6,53.0,21.9
香榧（熟）,坚果种子类-树坚果,61.0,644.0,12.4,57.0,26.9
胡麻子,坚果种子类-种子,98.0,450.0,19.1,30.7,39.5
"花生（鲜）[落花生,长生果]",坚果种子类-种子,53.0,313.0,12.0,25.4,13.0
花生（炒）,坚果种子类-种子,71.0,601.0,21.7,48.0,23.8
花生仁（生）,坚果种子类-种子,100.0,574.0,24.8,44.3,21.7
花生仁（炒）,坚果种子类-种子,100.0,589.0,23.9,44.4,25.7
葵花子（生）,坚果种子类-种子,50.0,609.0,23.9,49.9,19.1
葵花子（炒，咸）,坚果种子类-种子,52.0,625.0,22.6,52.8,17.3
葵花子仁,坚果种子类-种子,100.0,615.0,19.1,53.4,16.7
莲子（干）,坚果种子类-种子,100.0,350.0,17.2,2.0,67.2
莲子（糖水罐头）,坚果种子类-种子,100.0,202.0,2.8,0.5,46.9
南瓜子（炒）[白瓜子],坚果种子类-种子,68.0,582.0,36.0,46.1,7.9
南瓜子仁,坚果种子类-种子,100.0,576.0,33.2,48.1,4.9
西瓜子（炒）,坚果种子类-种子,43.0,582.0,32.7,44.8,14.2
西瓜子,坚果种子类-种子,38.0,567.0,30.3,46.5,13.4
西瓜子仁,坚果种子类-种子,100.0,566.0,32.4,45.9,8.6
芝麻子（白）,坚果种子类-种子,100.0,536.0,18.4,39.6,31.5
芝麻子（黑）,坚果种子类-种子,100.0,559.0,19.1,46.1,24.0
芡实米（鲜）[鸡头米],坚果种子类-种子,47.0,145.0,4.4,0.2,31.5
芡实米（干）[鸡头米],坚果种子类-种子,100.0,352.0,8.3,0.3,79.6
花生（烤，勤俭牌）,坚果种子类-种子,72.0,586.0,26.4,46.3,21.2
花生（烤，密日兴牌）,坚果种子类-种子,71.0,475.0,16.6,22.3,55.9
花生仁（油炸）,坚果种子类-种子,100.0,583.0,22.2,47.1,26.2
葵花子（熟，奶油香）,坚果种子类-种子,51.0,620.0,22.7,54.1,17.9
葵花子（熟，原味）,坚果种子类-种子,48.0,591.0,28.5,49.0,15.1
南瓜子（熟）[白瓜子],坚果种子类-种子,69.0,615.0,26.6,52.8,12.9
西瓜子（熟）[黑瓜子],坚果种子类-种子,38.0,550.0,29.0,46.0,9.5
扁豆（干）,干豆类及其制品-其他,100.0,339.0,25.3,0.4,61.9
扁豆（干，白）,干豆类及其制品-其他,100.0,283.0,19.0,1.3,55.6
眉豆（干）[饭豇豆],干豆类及其制品-其他,100.0,334.0,18.6,1.1,65.6
豇豆（干）,干豆类及其制品-其他,100.0,336.0,19.3,1.2,65.6
豇豆（干，紫）,干豆类及其制品-其他,100.0,329.0,18.9,0.4,65.8
豇豆（煮）,干豆类及其制品-其他,100.0,133.0,9.5,0.6,24.0
豌豆（干）,干豆类及其制品-其他,100.0,334.0,20.3,1.1,65.8
豌豆（花）,干豆类及其制品-其他,100.0,336.0,21.6,1.0,63.6
豌豆（煮）,干豆类及其制品-其他,100.0,107.0,8.9,0.3,19.2
鹰嘴豆[桃豆],干豆类及其制品-其他,100.0,340.0,21.2,4.2,60.1
荆豆（干）,干豆类及其制品-其他,100.0,407.0,43.6,14.3,28.5
木豆（干）[扭豆，豆蓉],干豆类及其制品-其他,100.0,348.0,19.8,4.5,58.8
黄豆 [大豆],干豆类及其制品-大豆,100.0,390.0,35.0,16.0,34.2
黑豆（干）[黑大豆],干豆类及其制品-大豆,100.0,401.0,36.0,15.9,33.6
青豆（干）[青大豆],干豆类及其制品-大豆,100.0,398.0,34.5,16.0,35.4
黄豆,干豆类及其制品-大豆,100.0,407.0,33.1,15.9,37.3
黄豆粉,干豆类及其制品-大豆,100.0,432.0,32.7,18.3,37.6
豆腐花 [豆腐粉],干豆类及其制品-大豆,100.0,401.0,10.0,2.6,84.3
豆浆粉,干豆类及其制品-大豆,100.0,426.0,19.7,9.4,66.8
豆奶粉（维维牌）,干豆类及其制品-大豆,100.0,421.0,19.4,9.4,65.2
豆奶粉（多力牌）,干豆类及其制品-大豆,100.0,405.0,12.3,6.5,76.4
豆奶粉（大磨牌）,干豆类及其制品-大豆,100.0,432.0,27.4,13.0,51.6
豆腐（代表值）,干豆类及其制品-大豆,100.0,84.0,6.6,5.3,3.4
豆腐（内酯）,干豆类及其制品-大豆,100.0,50.0,5.0,1.9,3.3
豆腐脑 [老豆腐],干豆类及其制品-大豆,100.0,15.0,1.9,0.8,0.0
豆腐（北豆腐）,干豆类及其制品-大豆,100.0,116.0,9.2,8.1,3.0
豆腐（南豆腐）,干豆类及其制品-大豆,100.0,87.0,5.7,5.8,3.9
豆奶 [豆乳],干豆类及其制品-大豆,100.0,30.0,2.4,1.5,1.8
豆汁（生）,干豆类及其制品-大豆,100.0,10.0,0.9,0.1,1.4
酸豆奶,干豆类及其制品-大豆,100.0,67.0,2.2,1.2,11.8
豆浆,干豆类及其制品-大豆,100.0,31.0,3.0,1.6,1.2
豆浆（甜）,干豆类及其制品-大豆,100.0,34.0,2.4,0.5,4.9
豆腐丝,干豆类及其制品-大豆,100.0,203.0,21.5,10.5,6.2
豆腐丝（干）,干豆类及其制品-大豆,100.0,451.0,57.7,22.8,3.7
豆腐丝（油）,干豆类及其制品-大豆,100.0,304.0,24.2,17.1,14.5
豆腐卷,干豆类及其制品-大豆,100.0,203.0,17.9,11.6,7.2
油豆腐,干豆类及其制品-大豆,100.0,245.0,17.0,17.6,4.9
腐竹,干豆类及其制品-大豆,100.0,461.0,44.6,21.7,22.3
枝竹,干豆类及其制品-大豆,100.0,478.0,44.4,24.7,20.8
千张 [百页],干豆类及其制品-大豆,100.0,262.0,24.5,16.0,5.5
豆腐干（代表值）,干豆类及其制品-大豆,100.0,197.0,14.9,11.3,9.6
豆腐干（菜干）,干豆类及其制品-大豆,100.0,137.0,13.4,7.1,5.0
豆腐干（臭干）,干豆类及其制品-大豆,100.0,99.0,10.2,4.6,4.5
豆腐干（酱油干）,干豆类及其制品-大豆,100.0,157.0,14.9,9.1,4.0
豆腐干（卤干）,干豆类及其制品-大豆,100.0,339.0,14.5,16.7,33.4
豆腐干（蒲包干）,干豆类及其制品-大豆,100.0,135.0,12.1,5.7,8.9
豆腐干（香干）,干豆类及其制品-大豆,100.0,152.0,15.8,7.8,5.1
豆腐干（小香干）,干豆类及其制品-大豆,100.0,174.0,17.9,9.1,5.4
豆腐干（熏干）,干豆类及其制品-大豆,100.0,154.0,15.8,6.2,8.8
豆肝尖,干豆类及其制品-大豆,100.0,203.0,17.2,12.0,9.4
素大肠,干豆类及其制品-大豆,100.0,155.0,18.1,3.6,13.0
素火腿,干豆类及其制品-大豆,100.0,213.0,19.1,13.2,4.8
素鸡,干豆类及其制品-大豆,100.0,194.0,16.5,12.5,4.2
素鸡丝卷,干豆类及其制品-大豆,100.0,197.0,11.2,13.7,10.1
素什锦,干豆类及其制品-大豆,100.0,177.0,14.0,10.2,8.3
炸素虾,干豆类及其制品-大豆,100.0,582.0,27.6,44.4,19.3
烤麸,干豆类及其制品-大豆,100.0,121.0,20.4,0.3,9.3
豆腐皮,干豆类及其制品-大豆,100.0,447.0,51.6,23.0,12.5
豆腐干,干豆类及其制品-大豆,100.0,427.0,19.6,35.2,11.4
绿豆（干）,干豆类及其制品-绿豆,100.0,329.0,21.6,0.8,62.0
绿豆面,干豆类及其制品-绿豆,100.0,341.0,20.8,0.7,65.8
绿豆饼,干豆类及其制品-绿豆,100.0,122.0,15.2,1.2,12.7
花豆（干，红）,干豆类及其制品-芸豆,100.0,328.0,19.1,1.3,62.7
花豆（干，紫）,干豆类及其制品-芸豆,97.0,330.0,17.2,1.4,65.8
芸豆（干，白）,干豆类及其制品-芸豆,100.0,315.0,23.4,1.4,57.2
芸豆（干，红）,干豆类及其制品-芸豆,100.0,331.0,21.4,1.3,62.5
芸豆（干，虎皮）,干豆类及其制品-芸豆,100.0,341.0,22.5,0.9,62.5
芸豆（干，杂，带皮）,干豆类及其制品-芸豆,100.0,327.0,22.4,0.6,63.3
蚕豆（干）,干豆类及其制品-蚕豆,100.0,338.0,21.6,1.0,61.5
蚕豆（带皮）,干豆类及其制品-蚕豆,93.0,326.0,24.6,1.1,59.9
蚕豆（去皮）,干豆类及其制品-蚕豆,100.0,347.0,25.4,1.6,58.9
马牙大豆（干）,干豆类及其制品-蚕豆,100.0,338.0,27.2,0.9,59.4
脑豆（干）,干豆类及其制品-蚕豆,100.0,363.0,23.4,3.8,59.6
蚕豆（烤）,干豆类及其制品-蚕豆,100.0,377.0,27.0,2.0,63.8
蚕豆（炸）[开花豆],干豆类及其制品-蚕豆,100.0,447.0,26.7,20.0,40.4
蚕豆（煮）,干豆类及其制品-蚕豆,100.0,62.0,4.8,0.5,10.1
"赤小豆（干）[小豆,红小豆]",干豆类及其制品-赤豆,100.0,324.0,20.2,0.6,63.4
小豆粥,干豆类及其制品-赤豆,100.0,62.0,1.2,0.4,13.7
红豆沙（去皮）,干豆类及其制品-赤豆,100.0,244.0,4.5,0.1,57.1
红豆馅,干豆类及其制品-赤豆,100.0,261.0,4.5,0.2,61.7
菜籽油 [青油],植物油-植物油,100.0,899.0,0.0,99.9,0.0
茶油,植物油-植物油,100.0,899.0,0.0,99.9,0.0
大麻油 [粟米油],植物油-植物油,100.0,899.0,0.0,99.9,0.0
豆油,植物油-植物油,100.0,899.0,0.0,99.9,0.0
红花油,植物油-植物油,100.0,899.0,0.0,99.9,0.0
胡麻油,植物油-植物油,100.0,900.0,0.0,100.0,0.0
花生油,植物油-植物油,100.0,899.0,0.0,99.9,0.0
混合油（菜+棕）,植物油-植物油,100.0,900.0,0.0,99.9,0.1
葵花子油,植物油-植物油,100.0,899.0,0.0,99.9,0.0
辣椒油,植物油-植物油,100.0,900.0,0.0,100.0,0.0
麦胚油,植物油-植物油,100.0,899.0,0.0,99.9,0.0
棉籽油,植物油-植物油,100.0,899.0,0.0,99.8,0.1
色拉油,植物油-植物油,100.0,898.0,0.0,99.8,0.0
椰子油,植物油-植物油,100.0,899.0,0.0,99.9,0.0
玉米油,植物油-植物油,100.0,895.0,0.0,99.2,0.5
芝麻油 [香油],植物油-植物油,100.0,898.0,0.0,99.7,0.2
棕榈油,植物油-植物油,100.0,900.0,0.0,100.0,0.0
橄榄油,植物油-植物油,100.0,899.0,0.0,99.9,0.0
苹果（代表值）,水果类及其制品-仁果类,85.0,53.0,0.4,0.2,13.7
伏苹果,水果类及其制品-仁果类,86.0,48.0,0.5,0.1,11.8
国光苹果,水果类及其制品-仁果类,78.0,56.0,0.3,0.3,13.3
早苹果,水果类及其制品-仁果类,96.0,34.0,0.4,0.2,8.4
红富士苹果,水果类及其制品-仁果类,85.0,49.0,0.7,0.4,11.7
红香蕉苹果,水果类及其制品-仁果类,87.0,51.0,0.4,0.2,12.3
红星苹果,水果类及其制品-仁果类,85.0,58.0,0.4,0.1,14.3
红玉苹果,水果类及其制品-仁果类,84.0,52.0,0.2,0.2,14.7
红元帅苹果,水果类及其制品-仁果类,84.0,60.0,0.2,0.4,14.3
黄香蕉苹果,水果类及其制品-仁果类,88.0,53.0,0.3,0.2,13.7
黄元帅苹果,水果类及其制品-仁果类,80.0,59.0,0.2,0.3,14.7
金元帅苹果,水果类及其制品-仁果类,78.0,53.0,0.2,0.1,13.3
青香蕉苹果,水果类及其制品-仁果类,80.0,52.0,0.3,0.1,13.1
秋里蒙蒙苹果,水果类及其制品-仁果类,85.0,43.0,0.2,0.2,11.9
香玉苹果,水果类及其制品-仁果类,69.0,62.0,0.5,0.1,15.7
印度苹果,水果类及其制品-仁果类,90.0,54.0,0.6,0.2,14.8
祝光苹果,水果类及其制品-仁果类,86.0,50.0,0.4,0.1,12.5
倭锦苹果,水果类及其制品-仁果类,86.0,54.0,0.2,0.2,13.6
苹果（罐头）,水果类及其制品-仁果类,100.0,41.0,0.2,0.2,10.3
梨（代表值）,水果类及其制品-仁果类,82.0,51.0,0.3,0.1,13.1
梨（巴梨）,水果类及其制品-仁果类,79.0,51.0,0.4,0.2,12.9
长把梨,水果类及其制品-仁果类,80.0,62.0,0.8,0.8,14.9
冬果梨,水果类及其制品-仁果类,87.0,46.0,0.4,0.2,12.8
鹅黄梨,水果类及其制品-仁果类,68.0,41.0,0.3,0.1,10.7
红肖梨,水果类及其制品-仁果类,87.0,36.0,0.2,0.0,10.5
锦丰梨,水果类及其制品-仁果类,92.0,51.0,0.2,0.1,13.9
京白梨,水果类及其制品-仁果类,79.0,57.0,0.2,0.5,13.7
库尔勒香梨,水果类及其制品-仁果类,91.0,42.0,0.1,0.1,13.4
莱阳梨,水果类及其制品-仁果类,80.0,54.0,0.3,0.2,14.1
马蹄黄梨,水果类及其制品-仁果类,74.0,50.0,0.3,0.1,12.5
明月梨,水果类及其制品-仁果类,81.0,54.0,0.3,0.2,13.3
木梨,水果类及其制品-仁果类,80.0,32.0,0.4,0.1,8.2
苹果梨,水果类及其制品-仁果类,94.0,53.0,0.2,0.1,13.9
软梨,水果类及其制品-仁果类,68.0,32.0,0.4,0.2,11.7
苏梅梨,水果类及其制品-仁果类,88.0,77.0,1.2,0.2,20.5
苏木梨,水果类及其制品-仁果类,88.0,52.0,0.6,0.3,13.1
酥梨,水果类及其制品-仁果类,72.0,45.0,0.3,0.1,11.4
酸梨,水果类及其制品-仁果类,85.0,33.0,0.1,0.1,9.8
香梨,水果类及其制品-仁果类,89.0,51.0,0.3,0.1,13.6
雪花梨,水果类及其制品-仁果类,86.0,42.0,0.2,0.1,10.6
雪梨,水果类及其制品-仁果类,93.0,79.0,0.9,0.1,20.2
鸭广梨,水果类及其制品-仁果类,76.0,60.0,0.6,0.2,16.5
鸭梨,水果类及其制品-仁果类,82.0,45.0,0.2,0.2,11.1
早酥梨,水果类及其制品-仁果类,92.0,50.0,0.2,0.2,13.6
紫酥梨,水果类及其制品-仁果类,59.0,51.0,0.3,0.1,13.3
鳄梨,水果类及其制品-仁果类,100.0,171.0,2.0,15.3,7.4
冬果梨（罐头）,水果类及其制品-仁果类,100.0,56.0,0.3,0.0,15.9
梨（糖水罐头）,水果类及其制品-仁果类,100.0,36.0,0.5,0.2,8.8
红果 [山里红，大山楂],水果类及其制品-仁果类,76.0,102.0,0.5,0.6,25.1
红果（干）,水果类及其制品-仁果类,100.0,251.0,4.3,2.2,78.4
海棠果 [楸子],水果类及其制品-仁果类,86.0,76.0,0.3,0.2,19.2
海棠果（罐头）,水果类及其制品-仁果类,100.0,56.0,0.5,0.2,13.6
沙果,水果类及其制品-仁果类,95.0,70.0,0.4,0.1,17.8
吊蛋,水果类及其制品-仁果类,95.0,65.0,0.8,0.4,16.8
面蛋,水果类及其制品-仁果类,60.0,91.0,1.6,0.5,21.7
酸刺,水果类及其制品-仁果类,16.0,112.0,2.8,0.3,25.5
蛇果,水果类及其制品-仁果类,84.0,59.0,0.1,0.2,14.9
橙,水果类及其制品-柑橘类,74.0,48.0,0.8,0.2,11.1
福橘,水果类及其制品-柑橘类,67.0,46.0,1.0,0.2,10.3
橘柑子[宽皮桂],水果类及其制品-柑橘类,78.0,44.0,0.8,0.1,10.2
橘(金橘)[金枣],水果类及其制品-柑橘类,89.0,58.0,1.0,0.2,13.7
芦橘,水果类及其制品-柑橘类,77.0,44.0,0.6,0.2,10.3
蜜橘,水果类及其制品-柑橘类,76.0,45.0,0.8,0.4,10.3
三湖红橘,水果类及其制品-柑橘类,68.0,43.0,0.8,0.3,10.0
橘(四川红橘),水果类及其制品-柑橘类,78.0,42.0,0.7,0.1,9.8
小叶橘,水果类及其制品-柑橘类,81.0,40.0,1.1,0.2,8.8
早橘,水果类及其制品-柑橘类,82.0,57.0,1.2,0.2,12.6
橘饼,水果类及其制品-柑橘类,100.0,371.0,0.6,0.4,92.9
柚[文旦],水果类及其制品-柑橘类,69.0,42.0,0.8,0.2,9.5
柠檬,水果类及其制品-柑橘类,66.0,37.0,1.1,1.2,6.2
葡萄柚 [西柚],水果类及其制品-柑橘类,73.0,33.0,0.7,0.3,7.8
桃（代表值）,水果类及其制品-核果类,89.0,42.0,0.6,0.1,10.1
白粉桃,水果类及其制品-核果类,93.0,26.0,1.3,0.1,5.5
高山白桃,水果类及其制品-核果类,69.0,42.0,0.7,0.2,10.1
早久保桃,水果类及其制品-核果类,89.0,48.0,0.9,0.1,11.3
桃（黄桃）,水果类及其制品-核果类,93.0,56.0,0.5,0.1,14.0
金红桃,水果类及其制品-核果类,88.0,28.0,0.7,0.1,6.6
桃（久保桃）,水果类及其制品-核果类,94.0,42.0,0.6,0.1,10.0
蒲桃,水果类及其制品-核果类,69.0,39.0,0.5,0.2,10.2
庆丰桃,水果类及其制品-核果类,93.0,42.0,0.6,0.1,10.1
晚桃（黄）,水果类及其制品-核果类,75.0,41.0,0.7,0.2,9.6
五月鲜桃,水果类及其制品-核果类,93.0,41.0,0.4,0.1,10.0
早桃（黄）,水果类及其制品-核果类,73.0,41.0,0.4,0.1,10.1
蜜桃,水果类及其制品-核果类,88.0,46.0,0.6,0.1,11.0
桃（糖水罐头）,水果类及其制品-核果类,100.0,60.0,0.3,0.2,14.5
李子,水果类及其制品-核果类,91.0,38.0,0.7,0.2,8.7
李子杏,水果类及其制品-核果类,92.0,37.0,1.0,0.1,8.6
梅 [青梅],水果类及其制品-核果类,93.0,34.0,0.9,0.9,6.2
杏,水果类及其制品-核果类,91.0,38.0,0.9,0.1,9.1
杏（罐头）,水果类及其制品-核果类,100.0,40.0,0.6,0.2,9.7
杏干,水果类及其制品-核果类,25.0,338.0,2.7,0.4,83.2
布朗,水果类及其制品-核果类,87.0,44.0,0.6,0.2,10.7
西梅,水果类及其制品-核果类,76.0,42.0,0.7,0.1,10.3
枣（鲜）,水果类及其制品-核果类,87.0,125.0,1.1,0.3,30.5
枣（干）,水果类及其制品-核果类,80.0,276.0,3.2,0.5,67.8
枣（干，大）,水果类及其制品-核果类,88.0,317.0,2.1,0.4,81.1
枣（金丝小枣）,水果类及其制品-核果类,81.0,308.0,1.2,1.1,76.7
乐陵枣,水果类及其制品-核果类,76.0,233.0,3.3,0.6,57.9
密云小枣,水果类及其制品-核果类,92.0,229.0,3.9,0.8,55.2
黑枣（无核）[乌枣],水果类及其制品-核果类,98.0,234.0,1.7,0.3,57.3
黑枣（有核）,水果类及其制品-核果类,59.0,246.0,3.7,0.5,61.4
酒枣,水果类及其制品-核果类,91.0,148.0,1.6,0.2,35.7
蜜枣 [椰枣],水果类及其制品-核果类,100.0,333.0,1.3,0.2,84.4
冬枣,水果类及其制品-核果类,93.0,113.0,1.8,0.2,27.8
小枣（干）,水果类及其制品-核果类,81.0,275.0,2.7,0.7,66.8
酸枣,水果类及其制品-核果类,52.0,300.0,3.5,1.5,73.3
樱桃,水果类及其制品-核果类,80.0,46.0,1.1,0.2,10.2
樱桃（野，白刺）,水果类及其制品-核果类,23.0,304.0,11.4,3.9,59.8
葡萄（代表值）,水果类及其制品-浆果类,86.0,45.0,0.4,0.3,10.3
红玫瑰葡萄,水果类及其制品-浆果类,96.0,42.0,0.4,0.2,10.7
葡萄（巨峰）,水果类及其制品-浆果类,84.0,51.0,0.4,0.2,12.0
葡萄（马奶子）,水果类及其制品-浆果类,84.0,41.0,0.5,0.4,9.1
葡萄（玫瑰香）,水果类及其制品-浆果类,86.0,52.0,0.4,0.4,12.1
紫葡萄,水果类及其制品-浆果类,88.0,45.0,0.7,0.3,10.3
葡萄干,水果类及其制品-浆果类,100.0,344.0,2.5,0.4,83.4
石榴（代表值）,水果类及其制品-浆果类,57.0,72.0,1.3,0.2,18.5
石榴（红粉皮）,水果类及其制品-浆果类,57.0,74.0,1.3,0.1,19.4
石榴（玛瑙）,水果类及其制品-浆果类,60.0,72.0,1.6,0.2,18.4
石榴（青皮）,水果类及其制品-浆果类,55.0,71.0,1.2,0.2,18.5
柿,水果类及其制品-浆果类,87.0,74.0,0.4,0.1,18.5
荷柿,水果类及其制品-浆果类,98.0,65.0,0.6,0.2,17.1
磨盘柿,水果类及其制品-浆果类,98.0,79.0,0.7,0.1,19.6
柿饼,水果类及其制品-浆果类,97.0,255.0,1.8,0.2,62.8
桑葚（代表值）,水果类及其制品-浆果类,100.0,57.0,1.7,0.4,13.8
桑葚（白）,水果类及其制品-浆果类,100.0,60.0,1.8,0.3,14.9
桑葚（红）,水果类及其制品-浆果类,100.0,55.0,1.6,0.4,12.9
桑葚（干）,水果类及其制品-浆果类,100.0,298.0,21.1,6.1,54.2
醋栗 [灯笼果],水果类及其制品-浆果类,100.0,46.0,0.9,0.6,10.2
黑醋栗 [黑加仑],水果类及其制品-浆果类,100.0,66.0,1.4,0.4,15.4
沙棘,水果类及其制品-浆果类,87.0,120.0,0.9,1.8,25.5
无花果,水果类及其制品-浆果类,100.0,65.0,1.5,0.1,16.0
中华猕猴桃 [毛叶猕猴桃],水果类及其制品-浆果类,83.0,61.0,0.8,0.6,14.5
"草莓 [洋莓, 凤阳草莓]",水果类及其制品-浆果类,97.0,32.0,1.0,0.2,7.1
红提子葡萄,水果类及其制品-浆果类,86.0,54.0,0.4,0.2,13.1
无花果（干）,水果类及其制品-浆果类,100.0,361.0,3.6,4.3,77.8
芭蕉 [甘蕉，板蕉，牙蕉],水果类及其制品-热带亚热带水果,68.0,115.0,1.2,0.1,28.9
菠萝 [凤梨，地菠萝],水果类及其制品-热带亚热带水果,68.0,44.0,0.5,0.1,10.8
菠萝蜜 [木菠萝],水果类及其制品-热带亚热带水果,43.0,105.0,0.2,0.3,25.7
刺梨 [茨梨，木梨子],水果类及其制品-热带亚热带水果,100.0,63.0,0.7,0.1,16.9
番石榴 [鸡矢果，番桃],水果类及其制品-热带亚热带水果,97.0,53.0,1.1,0.4,14.2
桂圆,水果类及其制品-热带亚热带水果,50.0,71.0,1.2,0.1,16.6
桂圆（干）,水果类及其制品-热带亚热带水果,37.0,277.0,5.0,0.2,64.8
桂圆肉,水果类及其制品-热带亚热带水果,100.0,317.0,4.6,1.0,73.5
黄皮果,水果类及其制品-热带亚热带水果,59.0,39.0,1.6,0.2,9.9
荔枝,水果类及其制品-热带亚热带水果,73.0,71.0,0.9,0.2,16.6
芒果 [抹猛果，望果],水果类及其制品-热带亚热带水果,60.0,35.0,0.6,0.2,8.3
木瓜 [番木瓜],水果类及其制品-热带亚热带水果,86.0,29.0,0.4,0.1,7.0
人参果,水果类及其制品-热带亚热带水果,88.0,86.0,0.6,0.7,21.2
杨梅 [树梅，山杨梅],水果类及其制品-热带亚热带水果,82.0,30.0,0.8,0.2,6.7
杨桃,水果类及其制品-热带亚热带水果,88.0,31.0,0.6,0.2,7.4
椰子,水果类及其制品-热带亚热带水果,33.0,241.0,4.0,12.1,31.3
枇杷,水果类及其制品-热带亚热带水果,62.0,41.0,0.8,0.2,9.3
橄榄（白榄）,水果类及其制品-热带亚热带水果,80.0,57.0,0.8,0.2,15.1
余柑子 [油柑子],水果类及其制品-热带亚热带水果,80.0,45.0,0.3,0.1,12.4
红毛丹,水果类及其制品-热带亚热带水果,79.0,82.0,1.0,1.2,17.5
火龙果 [仙蜜果、红龙果],水果类及其制品-热带亚热带水果,69.0,55.0,1.1,0.2,13.3
荔枝（干）,水果类及其制品-热带亚热带水果,56.0,328.0,4.5,1.2,77.4
榴莲,水果类及其制品-热带亚热带水果,37.0,150.0,2.6,3.3,28.3
芒果（大头）,水果类及其制品-热带亚热带水果,68.0,52.0,0.5,0.1,12.9
酸木瓜,水果类及其制品-热带亚热带水果,79.0,41.0,0.3,0.2,11.1
蒲桃 [香果、水石榴],水果类及其制品-热带亚热带水果,69.0,41.0,0.6,0.0,10.1
山竹,水果类及其制品-热带亚热带水果,25.0,72.0,0.4,0.2,18.0
香蕉（红皮）,水果类及其制品-热带亚热带水果,70.0,86.0,1.1,0.2,20.8
香蕉 [甘蕉],水果类及其制品-热带亚热带水果,59.0,93.0,1.4,0.2,22.0
白金瓜,水果类及其制品-瓜果类,70.0,25.0,0.4,0.0,6.2
白兰瓜,水果类及其制品-瓜果类,55.0,23.0,0.6,0.1,5.3
哈密瓜,水果类及其制品-瓜果类,71.0,34.0,0.5,0.1,7.9
黄河蜜瓜,水果类及其制品-瓜果类,56.0,11.0,0.4,0.0,4.0
金塔寺瓜,水果类及其制品-瓜果类,81.0,10.0,0.6,0.1,2.0
灵蜜瓜,水果类及其制品-瓜果类,71.0,4.0,0.5,0.1,0.4
麻醉瓜,水果类及其制品-瓜果类,66.0,17.0,0.7,0.1,3.6
甜瓜 [香瓜],水果类及其制品-瓜果类,78.0,26.0,0.4,0.1,6.2
西瓜（代表值）,水果类及其制品-瓜果类,59.0,31.0,0.5,0.3,6.8
西瓜（京欣一号）,水果类及其制品-瓜果类,59.0,34.0,0.5,0.0,8.1
西瓜（郑州三号）,水果类及其制品-瓜果类,59.0,26.0,0.6,0.1,5.7
西瓜（忠于6号，黑皮）,水果类及其制品-瓜果类,64.0,32.0,0.5,0.5,6.5
子瓜,水果类及其制品-瓜果类,46.0,5.0,0.2,0.3,0.6
小西瓜 [地雷瓜],水果类及其制品-瓜果类,62.0,30.0,0.8,0.1,6.7
狗肉,畜肉类及其制品-其他,80.0,116.0,16.8,4.6,1.8
骆驼蹄,畜肉类及其制品-其他,100.0,116.0,25.6,1.4,0.2
骆驼掌,畜肉类及其制品-其他,100.0,310.0,72.8,2.0,0.3
兔肉,畜肉类及其制品-其他,100.0,102.0,19.7,2.2,0.9
兔肉（野）,畜肉类及其制品-其他,100.0,84.0,16.6,2.0,0.0
鹿肉（养殖梅花鹿）,畜肉类及其制品-其他,100.0,92.0,19.7,1.3,0.3
牛肉（代表值，fat 9g）,畜肉类及其制品-牛,100.0,160.0,20.0,8.7,0.5
牛肉（肋条）,畜肉类及其制品-牛,100.0,123.0,18.6,5.4,0.0
牛肉（后腿）,畜肉类及其制品-牛,100.0,106.0,20.9,2.0,1.1
牛肉（后腱）,畜肉类及其制品-牛,94.0,98.0,20.1,1.0,2.2
牛肉（里脊肉）[牛柳],畜肉类及其制品-牛,100.0,107.0,22.2,0.9,2.4
牛肉（前腿）,畜肉类及其制品-牛,100.0,105.0,19.2,1.8,2.9
牛肉（前腱）,畜肉类及其制品-牛,95.0,113.0,20.3,1.3,5.1
牛肉（代表值，瘦，fat 3g）,畜肉类及其制品-牛,100.0,113.0,21.3,2.5,1.3
牛蹄筋（生）,畜肉类及其制品-牛,100.0,151.0,34.1,0.5,2.6
牛蹄筋（泡发）,畜肉类及其制品-牛,100.0,25.0,6.0,0.0,0.2
牛肉（背部肉）[上脑],畜肉类及其制品-牛,100.0,193.0,17.4,12.4,3.0
牛肉（臀部肉）[紫盖、白板],畜肉类及其制品-牛,100.0,117.0,22.6,2.6,0.9
牛肉（肩部肉）[肩肉],畜肉类及其制品-牛,100.0,342.0,14.1,31.7,0.0
牛肉（胸部肉）[牛胸],畜肉类及其制品-牛,100.0,326.0,16.6,28.8,0.0
牛肉（腹部肉）[牛腩],畜肉类及其制品-牛,100.0,332.0,17.1,29.3,0.0
牛肉（膝圆肉）[和尚头],畜肉类及其制品-牛,100.0,106.0,22.4,1.8,0.1
牛肉（股内肉）[针扒、米龙、黄瓜条],畜肉类及其制品-牛,100.0,119.0,22.8,2.9,0.4
牛肉（小腿肉）[牛展、牛腱子],畜肉类及其制品-牛,100.0,122.0,23.0,3.3,0.0
牦牛肉,畜肉类及其制品-牛,100.0,119.0,23.1,1.4,3.4
牦牛牛腱肉（冻，鲜）,畜肉类及其制品-牛,100.0,100.0,21.2,0.8,2.0
牦牛牛霖肉（冻，鲜）,畜肉类及其制品-牛,100.0,110.0,22.5,1.0,2.7
牛鞭（泡发）,畜肉类及其制品-牛,100.0,117.0,27.2,0.9,0.0
牛大肠,畜肉类及其制品-牛,100.0,66.0,11.0,2.3,0.4
牛肚,畜肉类及其制品-牛,100.0,72.0,14.5,1.6,0.0
牛肺,畜肉类及其制品-牛,100.0,95.0,16.5,2.5,1.5
牛肝,畜肉类及其制品-牛,100.0,139.0,19.8,3.9,6.2
牛脑,畜肉类及其制品-牛,100.0,149.0,12.5,11.0,0.1
牛舌,畜肉类及其制品-牛,100.0,196.0,17.0,13.3,2.0
牛肾,畜肉类及其制品-牛,89.0,94.0,15.6,2.4,2.6
牛心,畜肉类及其制品-牛,100.0,106.0,15.4,3.5,3.1
牛百叶（黑）,畜肉类及其制品-牛,100.0,70.0,13.2,1.9,0.0
酱牛肉,畜肉类及其制品-牛,100.0,246.0,31.4,11.9,3.2
煨牛肉（罐头）,畜肉类及其制品-牛,100.0,166.0,16.7,11.0,0.1
牛肉干,畜肉类及其制品-牛,100.0,550.0,45.6,40.0,1.9
咖喱牛肉干,畜肉类及其制品-牛,100.0,326.0,45.9,2.7,29.5
牛肉松,畜肉类及其制品-牛,100.0,445.0,8.2,15.7,67.7
牛蹄筋（熟）,畜肉类及其制品-牛,100.0,147.0,35.2,0.6,0.1
牛肉（酱，五香）,畜肉类及其制品-牛,100.0,229.0,33.2,10.7,0.0
牛肉（清香）,畜肉类及其制品-牛,100.0,200.0,25.8,10.7,0.0
牛腱子（香叶）,畜肉类及其制品-牛,100.0,205.0,35.6,5.5,3.2
牛肉干（长富牌）,畜肉类及其制品-牛,100.0,342.0,41.8,5.1,32.2
牛肉干（沙爹牌）,畜肉类及其制品-牛,100.0,327.0,40.1,3.6,33.6
猪肉（代表值，fat 30g）,畜肉类及其制品-猪,91.0,331.0,15.1,30.1,0.0
猪肥肉（肥，fat 89g）,畜肉类及其制品-猪,100.0,807.0,2.4,88.6,0.0
猪肉（后臀尖）,畜肉类及其制品-猪,97.0,336.0,14.6,30.8,0.0
猪肉（后肘）,畜肉类及其制品-猪,73.0,320.0,17.0,28.0,0.0
猪肉（肋条肉）,畜肉类及其制品-猪,96.0,568.0,9.3,59.0,0.0
猪肉(奶脯)[软五花、猪夹心],畜肉类及其制品-猪,85.0,349.0,7.7,35.3,0.0
猪肉（奶面）[硬五花],畜肉类及其制品-猪,79.0,339.0,13.6,30.6,2.2
猪肉（前肘）,畜肉类及其制品-猪,77.0,287.0,17.3,22.9,2.9
猪肉（瘦）,畜肉类及其制品-猪,100.0,143.0,20.3,6.2,1.5
猪肉（瘦，fat 8g）,畜肉类及其制品-猪,100.0,153.0,20.7,7.8,0.0
猪肉（腿）,畜肉类及其制品-猪,100.0,190.0,17.9,12.8,0.8
猪肉（fat 12g）,畜肉类及其制品-猪,100.0,181.0,19.0,11.7,0.2
猪肉（猪脖）,畜肉类及其制品-猪,90.0,577.0,8.0,60.5,0.0
猪大肠,畜肉类及其制品-猪,100.0,196.0,6.9,18.7,0.0
猪大排,畜肉类及其制品-猪,68.0,264.0,18.3,20.4,1.7
猪耳,畜肉类及其制品-猪,100.0,176.0,19.1,11.1,0.0
猪蹄,畜肉类及其制品-猪,60.0,260.0,22.6,18.8,0.0
猪蹄筋,畜肉类及其制品-猪,100.0,156.0,35.3,1.4,0.5
猪头皮,畜肉类及其制品-猪,100.0,499.0,11.8,44.6,12.7
猪肘棒,畜肉类及其制品-猪,67.0,248.0,16.5,16.0,9.4
猪肉（前臀尖，杜长大猪）,畜肉类及其制品-猪,100.0,289.0,15.3,25.3,0.0
猪肉（前臀尖，良杂猪）,畜肉类及其制品-猪,100.0,334.0,14.2,30.4,0.9
猪肉（后臀尖，杜长大猪）,畜肉类及其制品-猪,100.0,165.0,20.8,9.1,0.0
猪肉（后臀尖，良杂猪）,畜肉类及其制品-猪,100.0,175.0,20.0,10.5,0.0
猪肉（硬肋，杜长大猪）,畜肉类及其制品-猪,100.0,557.0,10.8,57.1,0.0
猪肉（硬肋，良杂猪）,畜肉类及其制品-猪,100.0,536.0,11.6,54.4,0.0
猪肉（通脊，杜长大猪）,畜肉类及其制品-猪,100.0,159.0,22.3,7.8,0.0
猪肉（通脊，良杂猪）,畜肉类及其制品-猪,100.0,140.0,20.7,6.4,0.0
猪肉（里脊）,畜肉类及其制品-猪,100.0,150.0,19.6,7.9,0.0
猪皮,畜肉类及其制品-猪,100.0,363.0,27.4,28.1,0.0
猪小排（杜长大猪）,畜肉类及其制品-猪,70.0,295.0,16.8,25.3,0.0
猪小排（良杂猪）,畜肉类及其制品-猪,61.0,351.0,14.1,32.7,0.0
猪腿肉（藏香猪）,畜肉类及其制品-猪,100.0,268.0,17.5,19.2,6.3
猪肚,畜肉类及其制品-猪,96.0,110.0,15.2,5.1,0.7
猪肺,畜肉类及其制品-猪,97.0,84.0,12.2,3.9,0.1
猪脑,畜肉类及其制品-猪,100.0,131.0,10.8,9.8,0.0
猪脾,畜肉类及其制品-猪,100.0,94.0,13.2,3.2,3.1
猪肾（fat 8g）[猪腰子],畜肉类及其制品-猪,92.0,137.0,16.0,8.1,0.0
猪小肠,畜肉类及其制品-猪,100.0,65.0,10.0,2.0,1.7
猪心,畜肉类及其制品-猪,97.0,119.0,16.6,5.3,1.1
猪血,畜肉类及其制品-猪,100.0,55.0,12.2,0.3,0.9
猪肝,畜肉类及其制品-猪,100.0,126.0,19.2,4.7,1.8
猪舌[口条],畜肉类及其制品-猪,100.0,184.0,18.1,12.4,0.0
猪肾（fat 2g）[猪腰子],畜肉类及其制品-猪,100.0,82.0,15.8,1.8,0.6
宫爆肉丁（罐头）,畜肉类及其制品-猪,100.0,353.0,17.7,27.6,8.4
酱汁肉,畜肉类及其制品-猪,96.0,549.0,15.5,50.4,8.4
腊肉（培根）,畜肉类及其制品-猪,100.0,181.0,22.3,9.0,2.6
腊肉（生，fat 49g）,畜肉类及其制品-猪,100.0,498.0,11.8,48.8,2.9
卤猪杂,畜肉类及其制品-猪,100.0,186.0,24.6,4.8,11.0
午餐肉（北京）,畜肉类及其制品-猪,100.0,229.0,9.4,15.9,12.0
咸肉,畜肉类及其制品-猪,100.0,390.0,16.5,36.0,0.0
猪肉罐头（珍珠里脊丝，罐头）,畜肉类及其制品-猪,100.0,225.0,6.7,17.3,10.5
猪肝（卤煮）,畜肉类及其制品-猪,100.0,203.0,26.4,8.3,5.6
猪肉（清蒸）,畜肉类及其制品-猪,100.0,198.0,18.4,13.8,0.0
猪蹄（熟）,畜肉类及其制品-猪,43.0,260.0,23.6,17.0,3.2
猪肘棒（熟）,畜肉类及其制品-猪,72.0,314.0,21.3,24.5,2.1
福建式肉松,畜肉类及其制品-猪,100.0,493.0,25.1,26.0,39.7
老年保健肉松,畜肉类及其制品-猪,100.0,458.0,35.8,20.5,32.5
太仓肉松,畜肉类及其制品-猪,100.0,316.0,38.6,8.3,21.6
火腿心全精肉（雪舫蒋牌）,畜肉类及其制品-猪,100.0,322.0,37.0,19.3,0.0
火腿心肉（生，金云牌）,畜肉类及其制品-猪,81.0,528.0,22.2,48.8,0.0
腊肉（生，fat 68g）,畜肉类及其制品-猪,100.0,692.0,18.2,68.0,1.8
叉烧肉,畜肉类及其制品-猪,100.0,196.0,20.9,9.8,6.0
酱排骨,畜肉类及其制品-猪,80.0,366.0,21.7,26.7,9.6
猪肉罐头（香糟块肉）,畜肉类及其制品-猪,100.0,542.0,15.5,53.3,0.0
猪里脊（熏烤小里脊）,畜肉类及其制品-猪,100.0,153.0,17.7,3.9,11.8
猪肉脯,畜肉类及其制品-猪,100.0,378.0,28.0,8.8,46.6
肉酥,畜肉类及其制品-猪,100.0,509.0,30.7,27.1,35.5
扒猪脸,畜肉类及其制品-猪,100.0,347.0,18.8,29.6,1.4
酱肘子,畜肉类及其制品-猪,100.0,202.0,29.6,8.5,1.8
火腿肉（藏香猪）,畜肉类及其制品-猪,82.0,503.0,29.1,40.7,5.0
风干肉（藏香猪）,畜肉类及其制品-猪,87.0,598.0,27.1,53.6,1.7
茶肠,畜肉类及其制品-猪,100.0,329.0,9.0,29.6,6.7
大腊肠,畜肉类及其制品-猪,100.0,267.0,12.9,20.1,8.6
大肉肠,畜肉类及其制品-猪,100.0,273.0,12.0,22.9,4.6
蛋清肠,畜肉类及其制品-猪,100.0,278.0,12.5,22.8,5.8
儿童肠,畜肉类及其制品-猪,100.0,290.0,13.1,19.6,15.3
风干肠,畜肉类及其制品-猪,100.0,283.0,12.4,23.3,5.9
广东香肠,畜肉类及其制品-猪,100.0,433.0,18.0,37.3,6.4
红果肠,畜肉类及其制品-猪,100.0,260.0,10.2,15.3,20.3
火腿肠,畜肉类及其制品-猪,100.0,212.0,14.0,10.4,15.6
腊肠,畜肉类及其制品-猪,100.0,584.0,22.0,48.3,15.3
松江肠,畜肉类及其制品-猪,100.0,402.0,12.3,26.5,28.5
蒜肠,畜肉类及其制品-猪,100.0,309.0,7.5,25.4,12.7
香肠,畜肉类及其制品-猪,100.0,508.0,24.1,40.7,11.2
香肠（罐头）,畜肉类及其制品-猪,100.0,290.0,7.9,28.1,1.3
火腿肠（小红肠）,畜肉类及其制品-猪,100.0,280.0,11.8,23.2,6.0
火腿肠（小泥肠）,畜肉类及其制品-猪,100.0,295.0,11.3,26.3,3.2
午餐肠,畜肉类及其制品-猪,100.0,261.0,2.9,16.6,24.9
午餐肚,畜肉类及其制品-猪,100.0,181.0,9.3,0.5,34.7
方腿,畜肉类及其制品-猪,100.0,117.0,16.2,5.0,1.9
火腿（fat 27g）,畜肉类及其制品-猪,100.0,330.0,16.0,27.4,4.9
金华火腿,畜肉类及其制品-猪,100.0,318.0,16.4,28.0,0.1
火腿肠（圆腿）,畜肉类及其制品-猪,100.0,139.0,18.4,6.5,1.6
脆皮肠,畜肉类及其制品-猪,100.0,302.0,16.6,24.0,4.8
热狗肠,畜肉类及其制品-猪,100.0,307.0,13.2,25.2,6.9
火腿肠（双汇牌）,畜肉类及其制品-猪,100.0,215.0,12.1,14.6,8.8
火腿（fat 3g）,畜肉类及其制品-猪,100.0,99.0,15.5,3.4,1.7
火腿（宣威牌）,畜肉类及其制品-猪,100.0,565.0,11.4,56.1,3.7
三明治火腿,畜肉类及其制品-猪,100.0,115.0,12.5,4.5,6.1
午餐肉（上海梅林牌）,畜肉类及其制品-猪,100.0,320.0,9.0,30.1,3.3
羊肉（代表值，fat 7g）,畜肉类及其制品-羊,100.0,139.0,18.5,6.5,1.6
羊肉（冻）,畜肉类及其制品-羊,100.0,285.0,12.6,24.4,3.8
羊肉（后腿，带骨）,畜肉类及其制品-羊,77.0,110.0,19.5,3.4,0.3
羊肉（颈）,畜肉类及其制品-羊,74.0,135.0,21.3,4.6,2.2
羊肉（里脊）,畜肉类及其制品-羊,100.0,103.0,20.5,1.6,1.6
羊肉（前腿，fat 3g）,畜肉类及其制品-羊,71.0,110.0,18.6,3.2,1.6
羊肉（青羊）,畜肉类及其制品-羊,100.0,99.0,21.3,1.1,1.0
羊肉（fat 4g）,畜肉类及其制品-羊,90.0,118.0,20.5,3.9,0.2
羊肉（胸脯）,畜肉类及其制品-羊,81.0,133.0,19.4,6.2,0.0
山羊肉（生）,畜肉类及其制品-羊,100.0,293.0,8.7,24.5,9.4
羊蹄筋（生）,畜肉类及其制品-羊,100.0,159.0,34.3,2.4,0.0
羊蹄筋（泡发）,畜肉类及其制品-羊,100.0,41.0,8.4,0.0,1.9
羊肉（上脑）,畜肉类及其制品-羊,100.0,94.0,19.0,2.0,0.0
羊肉（腰窝）,畜肉类及其制品-羊,100.0,135.0,18.9,6.6,0.0
羊肉（前腿）,畜肉类及其制品-羊,100.0,97.0,19.8,2.0,0.0
羊肉（后腿）,畜肉类及其制品-羊,100.0,111.0,20.6,3.2,0.0
羊肉片,畜肉类及其制品-羊,100.0,118.0,18.0,4.0,2.4
羊大肠,畜肉类及其制品-羊,100.0,75.0,13.4,2.4,0.0
羊肚,畜肉类及其制品-羊,100.0,87.0,12.2,3.4,1.8
羊肺,畜肉类及其制品-羊,100.0,96.0,16.2,2.4,2.5
羊肝,畜肉类及其制品-羊,100.0,134.0,17.9,3.6,7.4
羊脑,畜肉类及其制品-羊,100.0,142.0,11.3,10.7,0.1
羊舌,畜肉类及其制品-羊,100.0,225.0,19.4,14.2,4.8
羊肾,畜肉类及其制品-羊,95.0,96.0,16.6,2.8,1.0
羊心,畜肉类及其制品-羊,100.0,113.0,13.8,5.5,2.0
羊血,畜肉类及其制品-羊,100.0,57.0,6.8,0.2,6.9
腊羊肉,畜肉类及其制品-羊,100.0,246.0,26.1,10.6,11.5
羊肉（熟）,畜肉类及其制品-羊,100.0,217.0,23.2,13.8,0.0
羊肉串（电烤）,畜肉类及其制品-羊,100.0,234.0,26.4,11.6,6.0
羊肉串（烤）,畜肉类及其制品-羊,100.0,206.0,26.0,10.3,2.4
羊肉串（炸）,畜肉类及其制品-羊,100.0,217.0,18.3,11.5,10.0
羊肉干,畜肉类及其制品-羊,100.0,588.0,28.2,46.7,13.7
羊肉（羊肉手抓）,畜肉类及其制品-羊,70.0,188.0,27.3,8.8,0.0
山羊肉（酱）,畜肉类及其制品-羊,100.0,272.0,25.4,13.7,11.8
烧羊肉（五香）,畜肉类及其制品-羊,100.0,183.0,33.6,5.4,0.0
羊肉串（生）,畜肉类及其制品-羊,100.0,118.0,13.0,4.8,5.6
马肉,畜肉类及其制品-马,100.0,122.0,20.1,4.6,0.1
马心,畜肉类及其制品-马,100.0,104.0,18.9,2.7,1.0
马肉（卤）,畜肉类及其制品-马,100.0,170.0,30.5,4.8,1.2
驴肉（瘦）,畜肉类及其制品-驴,100.0,116.0,21.5,3.2,0.4
驴鞭,畜肉类及其制品-驴,100.0,143.0,29.7,0.8,4.3
驴肉（酱）,畜肉类及其制品-驴,100.0,160.0,33.7,2.8,0.0
驴肉（卤）,畜肉类及其制品-驴,100.0,149.0,27.2,1.9,5.8
驴肉（煮）,畜肉类及其制品-驴,100.0,230.0,27.0,13.5,0.0
驴肉（五香）,畜肉类及其制品-驴,100.0,167.0,28.2,6.0,0.0
鸽,禽肉类及其制品-其他,42.0,201.0,16.5,14.2,1.7
鹌鹑,禽肉类及其制品-其他,58.0,110.0,20.2,3.1,0.2
乳鸽,禽肉类及其制品-其他,56.0,352.0,11.3,34.1,0.0
乳鸽（红烧）,禽肉类及其制品-其他,82.0,255.0,16.9,20.8,0.0
火鸡腿肉,禽肉类及其制品-火鸡,100.0,91.0,20.0,1.2,0.0
火鸡胸脯肉,禽肉类及其制品-火鸡,100.0,103.0,22.4,0.2,2.8
火鸡肝,禽肉类及其制品-火鸡,100.0,143.0,20.0,5.6,3.1
火鸡肫,禽肉类及其制品-火鸡,100.0,91.0,18.9,0.3,3.2
火鸡腿（熟）,禽肉类及其制品-火鸡,85.0,100.0,16.7,0.7,6.6
鸡（代表值）,禽肉类及其制品-鸡,63.0,145.0,20.3,6.7,0.9
鸡（土鸡，家养）,禽肉类及其制品-鸡,58.0,124.0,20.8,4.5,0.0
母鸡（一年内）,禽肉类及其制品-鸡,66.0,256.0,20.3,16.8,5.8
肉鸡（肥）,禽肉类及其制品-鸡,74.0,389.0,16.7,35.4,0.9
华青鸡,禽肉类及其制品-鸡,70.0,158.0,19.6,8.8,0.0
沙鸡,禽肉类及其制品-鸡,41.0,147.0,20.0,6.7,1.6
鸡（乌骨鸡）,禽肉类及其制品-鸡,48.0,111.0,22.3,2.3,0.3
鸡爪,禽肉类及其制品-鸡,60.0,254.0,23.9,16.4,2.7
鸡胸脯肉,禽肉类及其制品-鸡,100.0,118.0,24.6,1.9,0.6
鸡腿,禽肉类及其制品-鸡,74.0,146.0,20.2,7.2,0.0
鸡翅,禽肉类及其制品-鸡,69.0,202.0,19.0,11.5,5.5
鸡块（带浆粉）,禽肉类及其制品-鸡,100.0,206.0,12.2,9.1,18.8
野山鸡,禽肉类及其制品-鸡,63.0,126.0,20.4,2.0,6.6
鸡肝,禽肉类及其制品-鸡,100.0,121.0,16.6,4.8,2.8
鸡肝（肉鸡）,禽肉类及其制品-鸡,100.0,121.0,16.7,4.5,3.5
鸡心,禽肉类及其制品-鸡,100.0,172.0,15.9,11.8,0.6
鸡血,禽肉类及其制品-鸡,100.0,49.0,7.8,0.2,4.1
鸡肫 [鸡胗],禽肉类及其制品-鸡,100.0,118.0,19.2,2.8,4.0
扒鸡,禽肉类及其制品-鸡,66.0,217.0,29.6,11.0,0.0
炸鸡块 [肯德基],禽肉类及其制品-鸡,70.0,279.0,20.3,17.3,10.5
卤煮鸡,禽肉类及其制品-鸡,70.0,212.0,29.4,7.9,5.8
瓦罐鸡汤（肉）,禽肉类及其制品-鸡,100.0,190.0,20.9,9.5,5.2
瓦罐鸡汤（汤）,禽肉类及其制品-鸡,100.0,27.0,1.3,2.4,0.0
鸡肉松,禽肉类及其制品-鸡,100.0,440.0,7.2,16.4,65.8
扒鸡（五香脱骨）,禽肉类及其制品-鸡,77.0,206.0,23.4,10.8,3.8
烤鸡,禽肉类及其制品-鸡,72.0,265.0,28.1,16.9,0.0
童子鸡（熟）,禽肉类及其制品-鸡,57.0,226.0,15.8,18.1,0.0
鸭（代表值）,禽肉类及其制品-鸭,68.0,240.0,15.5,19.7,0.2
公麻鸭,禽肉类及其制品-鸭,63.0,360.0,14.3,30.9,6.1
母麻鸭,禽肉类及其制品-鸭,75.0,461.0,13.0,44.8,1.4
鸭胸脯肉,禽肉类及其制品-鸭,100.0,90.0,15.0,1.5,4.0
鸭皮,禽肉类及其制品-鸭,100.0,538.0,6.5,50.2,15.1
鸭翅,禽肉类及其制品-鸭,67.0,146.0,16.5,6.1,6.3
鸭掌,禽肉类及其制品-鸭,59.0,150.0,26.9,1.9,6.2
鸭肠,禽肉类及其制品-鸭,53.0,129.0,14.2,7.8,0.4
鸭肝,禽肉类及其制品-鸭,100.0,128.0,14.5,7.5,0.5
鸭肝（公麻鸭）,禽肉类及其制品-鸭,100.0,136.0,14.7,4.1,10.1
鸭肝（母麻鸭）,禽肉类及其制品-鸭,100.0,113.0,16.8,2.5,5.9
鸭舌（鸭条）,禽肉类及其制品-鸭,61.0,245.0,16.6,19.7,0.4
鸭心,禽肉类及其制品-鸭,100.0,143.0,12.8,8.9,2.9
鸭血（白鸭）,禽肉类及其制品-鸭,100.0,108.0,13.6,0.4,12.4
鸭血（公麻鸭）,禽肉类及其制品-鸭,100.0,56.0,13.2,0.4,0.0
鸭血（母麻鸭）,禽肉类及其制品-鸭,100.0,55.0,13.1,0.3,0.0
鸭胰,禽肉类及其制品-鸭,97.0,117.0,21.7,2.9,1.0
鸭肫,禽肉类及其制品-鸭,93.0,92.0,17.9,1.3,2.1
鸭肫（公麻鸭）,禽肉类及其制品-鸭,100.0,112.0,19.8,1.2,5.4
鸭肫（母麻鸭）,禽肉类及其制品-鸭,100.0,126.0,20.4,4.2,1.6
鸭肫片,禽肉类及其制品-鸭,100.0,603.0,18.3,56.1,6.1
北京烤鸭,禽肉类及其制品-鸭,80.0,436.0,16.6,38.4,6.0
北京填鸭,禽肉类及其制品-鸭,75.0,425.0,9.3,41.3,3.9
红烧鸭（罐头）,禽肉类及其制品-鸭,100.0,338.0,15.3,30.5,0.6
酱鸭,禽肉类及其制品-鸭,80.0,266.0,18.9,18.4,6.3
酱鸭（加梅菜，罐头）,禽肉类及其制品-鸭,93.0,253.0,11.8,21.7,2.5
盐水鸭（熟）,禽肉类及其制品-鸭,81.0,313.0,16.6,26.1,2.8
烤鸭（老唐牌）,禽肉类及其制品-鸭,60.0,309.0,20.3,25.3,0.0
烤鸭（全聚德牌）,禽肉类及其制品-鸭,65.0,530.0,18.1,50.8,0.0
鹅,禽肉类及其制品-鹅,63.0,251.0,17.9,19.9,0.0
鹅肝,禽肉类及其制品-鹅,100.0,129.0,15.2,3.4,9.3
鹅肫,禽肉类及其制品-鹅,100.0,100.0,19.6,1.9,1.1
鹅血,禽肉类及其制品-鹅,100.0,74.0,18.6,0.0,0.0
烧鹅,禽肉类及其制品-鹅,73.0,289.0,19.7,21.5,4.2
腊鹅,禽肉类及其制品-鹅,54.0,410.0,24.6,21.5,29.6
草菇 [大黑头细花草、稻菇],菌藻类-菌类,100.0,27.0,2.7,0.2,4.3
大红菇（干）[草质红菇],菌藻类-菌类,100.0,263.0,24.4,2.8,50.9
地衣（水浸）,菌藻类-菌类,100.0,10.0,1.5,0.0,1.8
冬菇（干）[毛柄金线菌],菌藻类-菌类,86.0,277.0,17.8,1.3,64.6
猴头菇（罐装）,菌藻类-菌类,100.0,21.0,2.0,0.2,4.9
黄蘑（干）,菌藻类-菌类,89.0,203.0,16.4,1.5,40.1
黄蘑（水发）,菌藻类-菌类,89.0,30.0,4.3,0.4,4.8
金针菇（鲜）[智力菇],菌藻类-菌类,100.0,32.0,2.4,0.4,6.0
金针菇（罐装）,菌藻类-菌类,100.0,26.0,1.0,0.0,6.7
口蘑（白蘑）,菌藻类-菌类,100.0,277.0,38.7,3.3,31.6
蘑菇（鲜蘑）,菌藻类-菌类,99.0,24.0,2.7,0.1,4.1
木耳（干）[黑木耳，云耳],菌藻类-菌类,100.0,265.0,12.1,1.5,65.6
木耳（水发）[黑木耳，云耳],菌藻类-菌类,100.0,27.0,1.5,0.2,6.0
平菇[糙皮侧耳，青蘑],菌藻类-菌类,93.0,24.0,1.9,0.3,4.6
普中红蘑（干）,菌藻类-菌类,100.0,263.0,18.4,0.7,58.1
双孢蘑菇[洋蘑菇],菌藻类-菌类,97.0,26.0,4.2,0.1,2.7
松蘑（干）[松口蘑，松茸],菌藻类-菌类,100.0,207.0,20.3,3.2,48.2
香菇（鲜）[香蕈，冬菇],菌藻类-菌类,100.0,26.0,2.2,0.3,5.2
香菇（干）[香蕈，冬菇],菌藻类-菌类,95.0,274.0,20.0,1.2,61.7
香杏丁蘑（干，大）,菌藻类-菌类,100.0,257.0,22.4,0.2,53.9
香杏片口蘑（干）,菌藻类-菌类,100.0,252.0,33.4,1.5,37.6
羊肚菌（干）[干羊肚],菌藻类-菌类,100.0,321.0,26.9,7.1,43.7
银耳（干）[白木耳],菌藻类-菌类,96.0,261.0,10.0,1.4,67.3
珍珠白蘑（干）,菌藻类-菌类,100.0,258.0,18.3,0.7,56.3
榛蘑（半干）[假蜜环菌],菌藻类-菌类,77.0,178.0,9.5,3.7,31.9
榛蘑（水发）,菌藻类-菌类,77.0,53.0,2.8,1.1,9.4
白蘑菇[双孢蘑菇、洋蘑菇],菌藻类-菌类,100.0,29.0,3.5,0.4,3.8
北风菌[荷叶离褶伞、一窝羊],菌藻类-菌类,77.0,17.0,1.7,0.1,2.9
草菇[大黑头细花草、稻菇],菌藻类-菌类,100.0,18.0,1.1,0.4,3.1
茶树菇（干）[柱状田头菇、油茶菇],菌藻类-菌类,100.0,309.0,23.1,2.6,56.1
干巴菌,菌藻类-菌类,91.0,38.0,3.8,0.4,8.0
红奶浆菌[多汁乳菇、谷熟菌],菌藻类-菌类,94.0,18.0,1.5,0.4,3.3
黄伞菇（干）[多脂鳞伞、黄丝菌],菌藻类-菌类,100.0,294.0,22.8,3.2,57.5
鸡腿菇（干）[毛头鬼伞],菌藻类-菌类,100.0,294.0,26.7,2.0,51.8
鸡油菌[黄丝菌、杏菌],菌藻类-菌类,92.0,26.0,2.0,0.3,5.1
鸡枞[蚁枞、伞把菇、鸡枞菌],菌藻类-菌类,96.0,19.0,2.5,0.2,2.5
鸡枞（干）,菌藻类-菌类,100.0,297.0,32.8,3.7,44.8
鸡枞（油炸）[油鸡枞],菌藻类-菌类,100.0,646.0,4.8,66.3,10.2
鸡枞花,菌藻类-菌类,86.0,18.0,2.3,0.3,1.8
牛肝菌（白）[美味牛肝菌],菌藻类-菌类,93.0,35.0,4.0,0.4,4.5
牛肝菌（白、干）[美味牛肝菌],菌藻类-菌类,100.0,296.0,27.8,1.6,53.3
牛肝菌（黑）[铜色牛肝菌],菌藻类-菌类,95.0,32.0,3.6,0.2,4.8
牛肝菌（鲜）[黄皮牛肝菌、黄皮疣柄牛肝菌、黄癞头],菌藻类-菌类,97.0,32.0,4.3,0.1,5.3
乳牛肝菌（干）[粘盖牛肝菌、松树菌],菌藻类-菌类,100.0,264.0,15.3,2.8,66.0
牛眼睛菌（鲜）[马勃菌],菌藻类-菌类,93.0,41.0,5.1,0.3,6.6
平菇[糙皮侧耳、青蘑],菌藻类-菌类,100.0,17.0,1.7,0.1,3.2
青头菌[变绿红菇、绿菇],菌藻类-菌类,95.0,20.0,2.7,0.1,3.1
松蘑（干）[松茸、松口蘑],菌藻类-菌类,100.0,273.0,12.5,3.0,66.5
杏鲍菇,菌藻类-菌类,100.0,35.0,1.3,0.1,8.3
血红菇（干）,菌藻类-菌类,100.0,313.0,22.4,6.7,56.0
元蘑（干）[亚侧耳、冬蘑、黄蘑],菌藻类-菌类,100.0,245.0,12.3,1.5,70.3
竹荪（干）[竹笙、竹参],菌藻类-菌类,100.0,248.0,17.8,3.1,60.3
榛蘑（干）[小蜜环菌],菌藻类-菌类,100.0,329.0,17.7,10.8,54.6
蛹虫草（干）,菌藻类-菌类,100.0,302.0,23.7,0.0,60.9
发菜（干）[仙菜],菌藻类-藻类,100.0,259.0,20.2,0.5,60.8
海带（鲜）[江白菜],菌藻类-藻类,100.0,13.0,1.2,0.1,2.1
"海带[江白菜,昆布]",菌藻类-藻类,98.0,90.0,1.8,0.1,23.4
"海带（浸）[江白菜,昆布]",菌藻类-藻类,100.0,16.0,1.1,0.1,3.0
"海冻菜（干）[石花菜,冻菜]",菌藻类-藻类,100.0,319.1,5.4,0.1,72.9
琼脂[紫菜胶洋粉],菌藻类-藻类,100.0,311.0,1.1,0.2,76.3
"苔菜（干）[苔条,条浒苔]",菌藻类-藻类,100.0,167.0,19.0,0.4,26.3
紫菜（干）,菌藻类-藻类,100.0,250.0,26.7,1.1,44.1
螺旋藻（干）,菌藻类-藻类,100.0,358.0,64.7,3.1,18.2
"裙带菜（干）[海芥菜,海木耳]",菌藻类-藻类,100.0,219.0,25.0,1.7,41.5
"海带菜（鲜,姑香牌）",菌藻类-藻类,100.0,112.0,1.4,7.5,15.3
大白菜（代表值）,蔬菜类及其制品-嫩茎叶花菜类,89.0,20.0,1.6,0.2,3.4
大白菜（白梗）[黄芽白],蔬菜类及其制品-嫩茎叶花菜类,92.0,22.0,1.7,0.2,3.7
大白菜（青白口）,蔬菜类及其制品-嫩茎叶花菜类,83.0,17.0,1.4,0.1,3.0
大白菜（小白口）,蔬菜类及其制品-嫩茎叶花菜类,85.0,16.0,1.3,0.1,2.8
白菜（脱水）,蔬菜类及其制品-嫩茎叶花菜类,100.0,305.0,6.2,0.8,72.9
白菜薹[菜薹，菜心],蔬菜类及其制品-嫩茎叶花菜类,84.0,28.0,2.8,0.5,4.0
红菜薹[紫菜薹],蔬菜类及其制品-嫩茎叶花菜类,52.0,43.0,2.9,2.5,2.7
瓢儿白[瓢儿菜],蔬菜类及其制品-嫩茎叶花菜类,79.0,18.0,1.7,0.2,3.2
乌菜[乌塌菜，塌棵菜],蔬菜类及其制品-嫩茎叶花菜类,89.0,28.0,2.6,0.4,4.2
油菜（黑）,蔬菜类及其制品-嫩茎叶花菜类,96.0,19.0,1.8,0.2,2.9
油菜（脱水）,蔬菜类及其制品-嫩茎叶花菜类,100.0,316.0,7.6,0.6,74.3
油菜（小）,蔬菜类及其制品-嫩茎叶花菜类,95.0,12.0,1.3,0.2,1.6
油菜薹[菜薹],蔬菜类及其制品-嫩茎叶花菜类,82.0,24.0,3.2,0.4,3.0
大白菜（白口）,蔬菜类及其制品-嫩茎叶花菜类,85.0,14.0,1.0,0.1,2.9
大白菜（青口）,蔬菜类及其制品-嫩茎叶花菜类,83.0,12.0,1.1,0.1,2.6
酸白菜[酸菜],蔬菜类及其制品-嫩茎叶花菜类,100.0,10.0,0.7,0.2,2.6
小白菜[青菜],蔬菜类及其制品-嫩茎叶花菜类,94.0,14.0,1.4,0.3,2.4
奶白菜,蔬菜类及其制品-嫩茎叶花菜类,100.0,21.0,2.7,0.2,3.3
鸡毛菜,蔬菜类及其制品-嫩茎叶花菜类,100.0,19.0,2.7,0.2,2.6
娃娃菜,蔬菜类及其制品-嫩茎叶花菜类,97.0,13.0,1.9,0.2,2.4
乌塌菜 [塌菜、塌棵菜],蔬菜类及其制品-嫩茎叶花菜类,96.0,13.0,1.8,0.1,2.6
油菜,蔬菜类及其制品-嫩茎叶花菜类,96.0,14.0,1.3,0.5,2.0
油菜心,蔬菜类及其制品-嫩茎叶花菜类,100.0,15.0,1.3,0.4,2.7
圆白菜，卷心菜,蔬菜类及其制品-嫩茎叶花菜类,86.0,24.0,1.5,0.2,4.6
菜花（脱水）[脱水花椰菜],蔬菜类及其制品-嫩茎叶花菜类,100.0,312.0,6.5,0.6,76.8
芥菜（鲜）[雪里红，雪菜],蔬菜类及其制品-嫩茎叶花菜类,94.0,27.0,2.0,0.4,4.7
芥菜（大叶，鲜）[盖菜],蔬菜类及其制品-嫩茎叶花菜类,71.0,16.0,1.8,0.4,2.0
芥菜（茎用，鲜）[青头菜],蔬菜类及其制品-嫩茎叶花菜类,92.0,13.0,1.3,0.2,2.8
芥菜（小叶，鲜）[小芥菜],蔬菜类及其制品-嫩茎叶花菜类,88.0,26.0,2.5,0.4,3.6
结球甘蓝（绿）[圆白菜],蔬菜类及其制品-嫩茎叶花菜类,86.0,17.0,0.9,0.2,4.0
结球甘蓝（紫）[圆白菜],蔬菜类及其制品-嫩茎叶花菜类,86.0,25.0,1.2,0.2,6.2
抱子甘蓝[小圆白菜],蔬菜类及其制品-嫩茎叶花菜类,87.0,36.0,3.5,0.2,8.8
羽衣甘蓝,蔬菜类及其制品-嫩茎叶花菜类,100.0,69.0,5.0,0.4,5.7
盖菜,蔬菜类及其制品-嫩茎叶花菜类,94.0,13.0,1.5,0.2,2.8
芥蓝 [甘蓝菜、盖蓝菜],蔬菜类及其制品-嫩茎叶花菜类,98.0,24.0,3.1,0.3,4.1
菜花（白色）[花椰菜],蔬菜类及其制品-嫩茎叶花菜类,82.0,20.0,1.7,0.2,4.2
西兰花 [绿菜花],蔬菜类及其制品-嫩茎叶花菜类,83.0,27.0,3.5,0.6,3.7
菠菜（鲜）[赤根菜],蔬菜类及其制品-嫩茎叶花菜类,89.0,28.0,2.6,0.3,4.5
菠菜（脱水）,蔬菜类及其制品-嫩茎叶花菜类,100.0,308.0,6.4,0.6,75.7
冬寒菜（鲜）[冬苋菜，冬葵],蔬菜类及其制品-嫩茎叶花菜类,58.0,34.0,3.9,0.4,4.9
胡萝卜缨（红，鲜）,蔬菜类及其制品-嫩茎叶花菜类,100.0,48.0,1.7,0.4,11.3
苦菜[节节花，拒马菜],蔬菜类及其制品-嫩茎叶花菜类,100.0,46.0,2.8,0.6,10.0
萝卜缨（白）,蔬菜类及其制品-嫩茎叶花菜类,100.0,17.0,2.6,0.3,1.7
萝卜缨（青）,蔬菜类及其制品-嫩茎叶花菜类,100.0,38.0,3.1,0.1,7.6
萝卜缨（小萝卜）,蔬菜类及其制品-嫩茎叶花菜类,93.0,23.0,1.6,0.3,4.1
落葵[木耳菜，软浆菜],蔬菜类及其制品-嫩茎叶花菜类,76.0,23.0,1.6,0.3,4.3
芹菜茎,蔬菜类及其制品-嫩茎叶花菜类,67.0,22.0,1.2,0.2,4.5
芹菜叶（鲜）,蔬菜类及其制品-嫩茎叶花菜类,100.0,35.0,2.6,0.6,5.9
甜菜叶（鲜）,蔬菜类及其制品-嫩茎叶花菜类,100.0,22.0,1.8,0.1,4.0
香菜（鲜）[芫荽],蔬菜类及其制品-嫩茎叶花菜类,81.0,33.0,1.8,0.4,6.2
香菜（脱水）,蔬菜类及其制品-嫩茎叶花菜类,100.0,310.0,7.4,1.3,71.2
苋菜（绿，鲜）,蔬菜类及其制品-嫩茎叶花菜类,74.0,30.0,2.8,0.3,5.0
苋菜（紫，鲜）[红苋],蔬菜类及其制品-嫩茎叶花菜类,73.0,35.0,2.8,0.4,5.9
茴蒿（鲜）[蓬蒿菜，艾菜],蔬菜类及其制品-嫩茎叶花菜类,82.0,24.0,1.9,0.3,3.9
茴香（鲜）[小茴香],蔬菜类及其制品-嫩茎叶花菜类,86.0,27.0,2.5,0.4,4.2
荠菜（鲜）[蓟菜，菱角菜],蔬菜类及其制品-嫩茎叶花菜类,88.0,31.0,2.9,0.4,4.7
莴笋（鲜）[莴苣],蔬菜类及其制品-嫩茎叶花菜类,62.0,15.0,1.0,0.1,2.8
番杏[新西兰菠菜、夏菠菜],蔬菜类及其制品-嫩茎叶花菜类,100.0,15.0,1.8,0.1,3.1
樱桃萝卜缨,蔬菜类及其制品-嫩茎叶花菜类,100.0,14.0,2.0,0.1,2.7
白凤菜,蔬菜类及其制品-嫩茎叶花菜类,100.0,16.0,1.6,0.2,4.0
紫背天葵[红凤菜、血皮菜],蔬菜类及其制品-嫩茎叶花菜类,100.0,18.0,1.9,0.0,3.8
芹菜（茎）[旱芹，药芹],蔬菜类及其制品-嫩茎叶花菜类,100.0,13.0,0.4,0.2,3.1
西芹[西洋芹菜，美芹],蔬菜类及其制品-嫩茎叶花菜类,85.0,17.0,0.6,0.1,4.8
生菜 [叶用莴苣],蔬菜类及其制品-嫩茎叶花菜类,94.0,12.0,1.6,0.4,1.1
油麦菜,蔬菜类及其制品-嫩茎叶花菜类,81.0,12.0,1.1,0.4,2.1
叶甜菜 (白梗),蔬菜类及其制品-嫩茎叶花菜类,100.0,13.0,1.6,0.1,2.8
莴笋叶 [莴苣菜],蔬菜类及其制品-嫩茎叶花菜类,100.0,15.0,1.0,0.2,2.9
萹菜 [空心菜、藤藤菜],蔬菜类及其制品-嫩茎叶花菜类,100.0,19.0,2.2,0.2,4.0
观达菜 [根达菜、牛皮菜],蔬菜类及其制品-嫩茎叶花菜类,100.0,23.0,1.9,0.3,4.5
球茎茴香 [甜茴香、意大利茴香],蔬菜类及其制品-嫩茎叶花菜类,70.0,17.0,1.2,0.0,4.7
竹笋 (鲜),蔬菜类及其制品-嫩茎叶花菜类,63.0,23.0,2.6,0.2,3.6
白笋 (干),蔬菜类及其制品-嫩茎叶花菜类,64.0,282.0,26.0,4.0,57.1
鞭笋 (鲜) [马鞭笋],蔬菜类及其制品-嫩茎叶花菜类,45.0,24.0,2.6,0.0,6.7
春笋 (鲜),蔬菜类及其制品-嫩茎叶花菜类,66.0,25.0,2.4,0.1,5.1
冬笋 (鲜),蔬菜类及其制品-嫩茎叶花菜类,39.0,42.0,4.1,0.1,6.5
黑笋 (干),蔬菜类及其制品-嫩茎叶花菜类,76.0,268.0,17.6,2.4,57.5
毛笋 (鲜) [毛竹笋],蔬菜类及其制品-嫩茎叶花菜类,67.0,23.0,2.2,0.2,3.8
玉兰片,蔬菜类及其制品-嫩茎叶花菜类,100.0,66.0,2.6,0.4,18.6
百合 (鲜),蔬菜类及其制品-嫩茎叶花菜类,82.0,166.0,3.2,0.1,38.8
百合 (脱水),蔬菜类及其制品-嫩茎叶花菜类,100.0,346.0,8.1,0.1,79.1
金针菜 (鲜) [黄花菜],蔬菜类及其制品-嫩茎叶花菜类,98.0,214.0,19.4,1.4,34.9
菊苣,蔬菜类及其制品-嫩茎叶花菜类,100.0,19.0,1.3,0.2,3.4
芦笋 (绿) [石刁柏、龙须菜],蔬菜类及其制品-嫩茎叶花菜类,90.0,19.0,2.6,0.1,3.3
芦笋 (紫),蔬菜类及其制品-嫩茎叶花菜类,93.0,22.0,2.7,0.2,3.4
结球菊苣 (红),蔬菜类及其制品-嫩茎叶花菜类,89.0,17.0,1.8,0.2,3.4
软化白菊苣,蔬菜类及其制品-嫩茎叶花菜类,97.0,17.0,1.5,0.2,3.1
穿心莲,蔬菜类及其制品-嫩茎叶花菜类,100.0,17.0,1.7,0.0,2.5
红薯叶,蔬菜类及其制品-嫩茎叶花菜类,100.0,27.0,3.1,0.0,5.1
南瓜藤,蔬菜类及其制品-嫩茎叶花菜类,100.0,17.0,1.7,0.0,3.2
三七尖,蔬菜类及其制品-嫩茎叶花菜类,100.0,21.0,2.3,0.2,4.0
棠梨花,蔬菜类及其制品-嫩茎叶花菜类,100.0,58.0,3.5,0.8,9.1
洋丝瓜苗,蔬菜类及其制品-嫩茎叶花菜类,81.0,29.0,4.4,0.3,2.2
白萝卜（鲜）[莱菔],蔬菜类及其制品-根菜类,95.0,16.0,0.7,0.1,4.0
卞萝卜[红皮萝卜],蔬菜类及其制品-根菜类,96.0,18.0,0.8,0.1,4.2
"红旦旦萝卜[樱桃萝卜,小水萝卜]",蔬菜类及其制品-根菜类,95.0,19.0,0.8,0.0,4.3
红萝卜[卞萝卜],蔬菜类及其制品-根菜类,97.0,22.0,1.0,0.1,4.6
红心萝卜[心里美],蔬菜类及其制品-根菜类,94.0,41.0,1.2,0.0,9.8
花叶萝卜,蔬菜类及其制品-根菜类,85.0,48.0,1.2,0.1,11.5
水萝卜[脆萝卜],蔬菜类及其制品-根菜类,93.0,22.0,0.8,0.0,5.5
"小水萝卜[算盘子,红皮萝卜]",蔬菜类及其制品-根菜类,66.0,21.0,1.1,0.2,4.2
白萝卜（圆）,蔬菜类及其制品-根菜类,94.0,16.0,0.7,0.2,3.6
青萝卜,蔬菜类及其制品-根菜类,95.0,29.0,1.2,0.2,6.9
樱桃萝卜,蔬菜类及其制品-根菜类,46.0,12.0,0.9,0.1,3.0
"胡萝卜（红）[金笋,丁香萝卜]",蔬菜类及其制品-根菜类,96.0,39.0,1.0,0.2,8.8
胡萝卜（黄）,蔬菜类及其制品-根菜类,97.0,46.0,1.4,0.2,10.2
胡萝卜（脱水）,蔬菜类及其制品-根菜类,100.0,333.0,4.2,1.9,77.9
胡萝卜,蔬菜类及其制品-根菜类,97.0,32.0,1.0,0.2,8.1
"芥菜头[大头菜,水芥]",蔬菜类及其制品-根菜类,83.0,36.0,1.9,0.2,7.4
"茼蓝[玉蔓菁,球茎甘蓝,大头菜]",蔬菜类及其制品-根菜类,78.0,32.0,1.3,0.2,7.0
"甜菜根（鲜）[甜菜头,糖萝卜]",蔬菜类及其制品-根菜类,90.0,87.0,1.0,0.1,23.5
根芹[根洋芹、球根塘蒿],蔬菜类及其制品-根菜类,67.0,38.0,2.2,0.1,10.0
紫菜头,蔬菜类及其制品-根菜类,89.0,42.0,1.8,0.2,10.6
慈姑（鲜）[乌芋，白地果],蔬菜类及其制品-水生蔬菜类,89.0,97.0,4.6,0.2,19.9
豆瓣菜（鲜）[西洋菜，水田芥],蔬菜类及其制品-水生蔬菜类,73.0,20.0,2.9,0.5,1.5
菱角（老，鲜）[龙角],蔬菜类及其制品-水生蔬菜类,57.0,101.0,4.5,0.1,21.4
蒲菜（鲜）[香蒲，甘蒲，野茭白],蔬菜类及其制品-水生蔬菜类,12.0,14.0,1.2,0.1,2.4
水芹菜,蔬菜类及其制品-水生蔬菜类,60.0,13.0,1.4,0.2,1.8
茭白（鲜）[茭笋，茭粑],蔬菜类及其制品-水生蔬菜类,74.0,26.0,1.2,0.2,5.9
荸荠（鲜）[马蹄，地栗],蔬菜类及其制品-水生蔬菜类,78.0,61.0,1.2,0.2,14.2
莼菜（瓶装）[花案菜],蔬菜类及其制品-水生蔬菜类,100.0,21.0,1.4,0.1,3.8
藕[莲藕],蔬菜类及其制品-水生蔬菜类,88.0,47.0,1.2,0.2,11.5
红菱,蔬菜类及其制品-水生蔬菜类,54.0,165.0,5.7,0.3,40.9
茄子（代表值）,蔬菜类及其制品-茄果瓜菜类,93.0,23.0,1.1,0.2,4.9
茄子（绿皮）,蔬菜类及其制品-茄果瓜菜类,90.0,28.0,1.0,0.6,5.2
茄子（圆）,蔬菜类及其制品-茄果瓜菜类,95.0,32.0,1.6,0.2,6.7
番茄（整个，罐头）,蔬菜类及其制品-茄果瓜菜类,100.0,22.0,2.0,0.6,2.6
奶柿子 [西红柿],蔬菜类及其制品-茄果瓜菜类,100.0,14.0,0.6,0.1,3.2
辣椒（红，尖，干）,蔬菜类及其制品-茄果瓜菜类,88.0,295.0,15.0,12.0,52.7
辣椒（红，小）,蔬菜类及其制品-茄果瓜菜类,80.0,38.0,1.3,0.4,8.9
甜椒（脱水）,蔬菜类及其制品-茄果瓜菜类,100.0,324.0,7.6,0.4,76.6
葫子,蔬菜类及其制品-茄果瓜菜类,85.0,29.0,0.7,0.1,6.8
茄子（白皮、长）,蔬菜类及其制品-茄果瓜菜类,97.0,21.0,1.3,0.1,5.5
茄子（紫皮、长）,蔬菜类及其制品-茄果瓜菜类,95.0,18.0,1.1,0.1,4.8
茄子（紫皮、圆）,蔬菜类及其制品-茄果瓜菜类,98.0,23.0,0.8,0.2,5.3
香瓜茄,蔬菜类及其制品-茄果瓜菜类,96.0,21.0,0.6,0.0,5.5
番茄 [西红柿],蔬菜类及其制品-茄果瓜菜类,97.0,15.0,0.9,0.2,3.3
樱桃番茄 [小西红柿],蔬菜类及其制品-茄果瓜菜类,98.0,25.0,1.0,0.2,5.8
辣椒（小红尖辣椒）,蔬菜类及其制品-茄果瓜菜类,89.0,62.0,4.1,0.4,17.7
辣椒（小红尖辣椒、干）,蔬菜类及其制品-茄果瓜菜类,88.0,298.0,15.4,12.0,57.4
辣椒（青、尖）,蔬菜类及其制品-茄果瓜菜类,91.0,22.0,0.8,0.3,5.2
甜椒 [灯笼椒、柿子椒],蔬菜类及其制品-茄果瓜菜类,82.0,18.0,1.0,0.2,3.8
彩椒,蔬菜类及其制品-茄果瓜菜类,83.0,26.0,1.3,0.2,6.4
秋葵 [黄秋葵、羊角豆],蔬菜类及其制品-茄果瓜菜类,98.0,25.0,1.8,0.2,6.2
白瓜,蔬菜类及其制品-茄果瓜菜类,83.0,12.0,0.9,0.0,2.6
菜瓜 [生瓜，白瓜],蔬菜类及其制品-茄果瓜菜类,88.0,19.0,0.6,0.2,3.9
方瓜,蔬菜类及其制品-茄果瓜菜类,82.0,14.0,0.8,0.0,3.1
佛手瓜 [棒瓜，菜香梨],蔬菜类及其制品-茄果瓜菜类,100.0,18.0,1.2,0.1,3.8
葫芦 [长瓜，蒲瓜，瓠瓜],蔬菜类及其制品-茄果瓜菜类,87.0,16.0,0.7,0.1,3.5
葫芦条（干）,蔬菜类及其制品-茄果瓜菜类,100.0,256.0,4.3,1.8,64.6
黄瓜（鲜）[胡瓜],蔬菜类及其制品-茄果瓜菜类,92.0,16.0,0.8,0.2,2.9
节瓜 [毛瓜],蔬菜类及其制品-茄果瓜菜类,92.0,14.0,0.6,0.1,3.4
金瓜,蔬菜类及其制品-茄果瓜菜类,82.0,15.0,0.5,0.1,3.4
金丝瓜 [裸瓣瓜],蔬菜类及其制品-茄果瓜菜类,80.0,38.0,3.3,2.0,2.2
苦瓜（鲜）[凉瓜，癞瓜],蔬菜类及其制品-茄果瓜菜类,81.0,22.0,1.0,0.1,4.9
南瓜（鲜）[倭瓜，番瓜],蔬菜类及其制品-茄果瓜菜类,85.0,23.0,0.7,0.1,5.3
南瓜粉,蔬菜类及其制品-茄果瓜菜类,100.0,343.0,7.1,2.1,79.6
蛇瓜 [蛇豆，大豆角],蔬菜类及其制品-茄果瓜菜类,89.0,18.0,1.5,0.1,3.9
笋瓜 [生瓜],蔬菜类及其制品-茄果瓜菜类,91.0,13.0,0.5,0.0,3.1
西葫芦,蔬菜类及其制品-茄果瓜菜类,73.0,19.0,0.8,0.2,3.8
面西胡瓜,蔬菜类及其制品-茄果瓜菜类,88.0,10.0,0.8,0.0,1.8
小西胡瓜,蔬菜类及其制品-茄果瓜菜类,79.0,22.0,0.7,0.1,4.8
冬瓜,蔬菜类及其制品-茄果瓜菜类,80.0,10.0,0.3,0.2,2.4
飞碟瓜,蔬菜类及其制品-茄果瓜菜类,91.0,18.0,1.0,0.1,4.4
黄金西葫芦,蔬菜类及其制品-茄果瓜菜类,91.0,17.0,1.8,0.1,3.6
黄茎瓜 [小南瓜],蔬菜类及其制品-茄果瓜菜类,100.0,19.0,1.2,0.9,2.0
迷你黄瓜 [荷兰乳黄瓜],蔬菜类及其制品-茄果瓜菜类,92.0,14.0,1.0,0.2,2.5
秋黄瓜 [旱黄瓜],蔬菜类及其制品-茄果瓜菜类,92.0,14.0,0.9,0.2,2.5
南瓜 (栗面),蔬菜类及其制品-茄果瓜菜类,74.0,36.0,1.4,0.1,8.8
丝瓜,蔬菜类及其制品-茄果瓜菜类,83.0,20.0,1.3,0.2,4.0
大蒜（白皮，鲜）[蒜头],蔬菜类及其制品-葱蒜类,85.0,128.0,4.5,0.2,27.6
大蒜（脱水）,蔬菜类及其制品-葱蒜类,100.0,348.0,13.2,0.3,75.4
大蒜（紫皮，鲜）[蒜头],蔬菜类及其制品-葱蒜类,89.0,139.0,5.2,0.2,29.6
青蒜（青葱）,蔬菜类及其制品-葱蒜类,84.0,34.0,2.4,0.3,6.2
蒜黄（黄色）,蔬菜类及其制品-葱蒜类,97.0,24.0,2.5,0.2,3.8
蒜苗（绿色，青蒜）,蔬菜类及其制品-葱蒜类,82.0,40.0,2.1,0.4,8.0
蒜薹（圆）,蔬菜类及其制品-葱蒜类,90.0,66.0,2.0,0.1,15.4
大葱（红皮）,蔬菜类及其制品-葱蒜类,68.0,49.0,2.4,0.1,10.2
分葱[四季葱，菜葱],蔬菜类及其制品-葱蒜类,100.0,34.0,2.2,0.7,5.1
葱（小葱，鲜）,蔬菜类及其制品-葱蒜类,73.0,27.0,1.6,0.4,4.9
大葱,蔬菜类及其制品-葱蒜类,82.0,28.0,1.6,0.3,5.8
细香葱[香葱，四季葱],蔬菜类及其制品-葱蒜类,89.0,28.0,1.4,0.3,6.6
洋葱（鲜）[葱头],蔬菜类及其制品-葱蒜类,90.0,40.0,1.1,0.2,9.0
洋葱（白皮，脱水）,蔬菜类及其制品-葱蒜类,100.0,342.0,5.5,0.4,81.9
洋葱（紫皮，脱水）,蔬菜类及其制品-葱蒜类,100.0,339.0,6.9,0.4,80.6
韭黄（韭芽，黄色）,蔬菜类及其制品-葱蒜类,88.0,24.0,2.3,0.2,3.9
韭薹,蔬菜类及其制品-葱蒜类,85.0,37.0,2.2,0.1,7.8
韭菜,蔬菜类及其制品-葱蒜类,90.0,25.0,2.4,0.4,4.5
"薤白(鲜)[小根蒜,山蒜,团蒜]",蔬菜类及其制品-葱蒜类,100.0,124.0,3.4,0.4,27.1
大薯（鲜）[参薯],蔬菜类及其制品-薯芋类,74.0,108.0,2.1,0.2,24.9
豆薯（鲜）[凉薯，地瓜，沙葛],蔬菜类及其制品-薯芋类,91.0,56.0,0.9,0.1,13.4
葛（鲜）[葛署，粉葛],蔬菜类及其制品-薯芋类,90.0,150.0,2.2,0.2,36.1
山药（鲜）[薯蓣，大薯],蔬菜类及其制品-薯芋类,83.0,57.0,1.9,0.2,12.4
山药（干）,蔬菜类及其制品-薯芋类,100.0,327.0,9.4,1.0,70.8
槟榔芋（鲜）,蔬菜类及其制品-薯芋类,87.0,90.0,3.0,0.1,19.7
芋头 [芋艿、毛芋],蔬菜类及其制品-薯芋类,88.0,56.0,1.3,0.2,12.7
芋头（煮）,蔬菜类及其制品-薯芋类,100.0,60.0,2.9,0.1,13.0
姜（鲜）[黄姜],蔬菜类及其制品-薯芋类,95.0,46.0,1.3,0.6,10.3
姜（干）,蔬菜类及其制品-薯芋类,95.0,308.0,9.1,5.7,64.0
姜（子姜，鲜）[嫩姜],蔬菜类及其制品-薯芋类,82.0,21.0,0.7,0.6,3.7
洋姜（鲜）[菊芋，鬼子姜],蔬菜类及其制品-薯芋类,100.0,64.0,2.4,0.0,15.8
白沙蒿（鲜）[沙蒿],蔬菜类及其制品-野生蔬菜类,100.0,232.0,4.3,0.9,8.5
白薯叶（鲜）[甘薯叶],蔬菜类及其制品-野生蔬菜类,100.0,249.0,4.8,0.7,9.0
败酱（鲜）[胭脂麻],蔬菜类及其制品-野生蔬菜类,100.0,290.0,1.5,1.0,17.3
扁蓄菜（鲜）[竹节草],蔬菜类及其制品-野生蔬菜类,100.0,313.0,6.0,0.6,12.4
朝鲜蓟（鲜）,蔬菜类及其制品-野生蔬菜类,100.0,226.0,2.7,0.2,10.9
刺儿菜（鲜）[小蓟，蓟蓟菜],蔬菜类及其制品-野生蔬菜类,100.0,174.0,4.5,0.4,5.9
达乌里胡枝子（鲜）[牛枝子，豆豆苗],蔬菜类及其制品-野生蔬菜类,100.0,491.0,7.0,1.0,23.1
大玻璃草叶（鲜）[大车前],蔬菜类及其制品-野生蔬菜类,100.0,206.0,4.4,0.3,8.8
大巢菜（鲜）[野苕子，野豌豆],蔬菜类及其制品-野生蔬菜类,100.0,264.0,3.8,0.5,13.6
大蓟叶（鲜）[飞廉叶],蔬菜类及其制品-野生蔬菜类,100.0,158.0,1.5,1.4,5.5
地肤（鲜）[益明，扫帚苗],蔬菜类及其制品-野生蔬菜类,100.0,273.0,5.2,0.8,10.4
地笋（鲜）[地古牛，地瓜儿苗叶],蔬菜类及其制品-野生蔬菜类,100.0,288.0,4.3,0.7,13.7
独行菜（鲜）,蔬菜类及其制品-野生蔬菜类,100.0,75.0,2.0,0.0,0.0
胡枝子（鲜）[山豆子],蔬菜类及其制品-野生蔬菜类,100.0,579.0,5.3,2.2,29.6
槐花（鲜）[洋槐花，豆槐花],蔬菜类及其制品-野生蔬菜类,100.0,344.0,3.1,0.7,17.0
黄麻叶（鲜）,蔬菜类及其制品-野生蔬菜类,100.0,177.0,4.7,0.3,5.8
碱蓬（鲜）[棉蓬，猪毛菜],蔬菜类及其制品-野生蔬菜类,100.0,138.0,2.8,0.3,5.2
苦苦菜（鲜）,蔬菜类及其制品-野生蔬菜类,100.0,174.0,2.5,0.9,6.8
罗勒[兰香],蔬菜类及其制品-野生蔬菜类,100.0,108.0,3.8,4.6,3.9
马齿苋（鲜）[长寿菜，瓜子菜],蔬菜类及其制品-野生蔬菜类,100.0,117.0,2.3,0.5,3.9
马兰头（鲜）[马兰，鸡儿肠，路边菊],蔬菜类及其制品-野生蔬菜类,100.0,119.0,2.4,0.4,4.6
麦瓶草（鲜）[米瓦罐],蔬菜类及其制品-野生蔬菜类,100.0,159.0,4.5,0.5,4.4
牛蒡叶（鲜）,蔬菜类及其制品-野生蔬菜类,100.0,174.0,4.7,0.8,5.1
爬景天（鲜）[石头菜],蔬菜类及其制品-野生蔬菜类,100.0,87.0,0.6,0.7,3.5
蒲公英叶（鲜）[黄花苗叶，孛孛丁叶],蔬菜类及其制品-野生蔬菜类,100.0,221.0,4.8,1.1,7.0
掐不齐（鲜）[鸡眼草，牛黄草],蔬菜类及其制品-野生蔬菜类,100.0,462.0,6.1,1.4,23.6
清明菜（鲜）[鼠曲菜],蔬菜类及其制品-野生蔬菜类,100.0,206.0,3.1,0.6,8.9
沙参叶（鲜）[白参],蔬菜类及其制品-野生蔬菜类,100.0,390.0,0.8,1.6,21.6
山苦荬叶（鲜）[启明菜叶],蔬菜类及其制品-野生蔬菜类,100.0,139.0,2.2,0.4,5.6
食用大黄（鲜）,蔬菜类及其制品-野生蔬菜类,100.0,39.0,1.6,1.5,1.5
食用黄麻,蔬菜类及其制品-野生蔬菜类,100.0,94.0,0.9,0.1,0.0
酸模（鲜）,蔬菜类及其制品-野生蔬菜类,100.0,72.0,1.7,0.2,0.0
汤菜（鲜）,蔬菜类及其制品-野生蔬菜类,100.0,99.0,1.8,0.5,3.4
土三七（鲜）[景天三七],蔬菜类及其制品-野生蔬菜类,100.0,200.0,2.1,0.7,9.0
歪头菜（鲜）[草豆，二叶萩],蔬菜类及其制品-野生蔬菜类,100.0,308.0,2.5,0.3,17.9
夏枯草（鲜）[铁色草],蔬菜类及其制品-野生蔬菜类,100.0,265.0,2.5,0.7,12.7
香椿（鲜）[香椿芽],蔬菜类及其制品-野生蔬菜类,76.0,211.0,1.7,0.4,10.9
香茅,蔬菜类及其制品-野生蔬菜类,100.0,72.0,1.7,0.2,0.0
小旋花（鲜）[狗儿蔓],蔬菜类及其制品-野生蔬菜类,100.0,251.0,0.5,15.4,3.1
鸭跖草（鲜）[竹叶菜，淡竹叶],蔬菜类及其制品-野生蔬菜类,100.0,144.0,2.8,0.3,5.7
野葱（鲜）[沙葱，麦葱],蔬菜类及其制品-野生蔬菜类,100.0,152.0,2.7,0.2,6.7
野韭菜（鲜）[山韭],蔬菜类及其制品-野生蔬菜类,100.0,182.0,3.7,0.9,7.2
野菊（鲜）,蔬菜类及其制品-野生蔬菜类,100.0,195.0,3.2,0.5,9.0
野蒜（鲜）[小蒜，野葱],蔬菜类及其制品-野生蔬菜类,82.0,144.0,1.0,0.4,7.7
野苋菜（鲜）[假苋菜],蔬菜类及其制品-野生蔬菜类,100.0,260.0,5.5,0.6,9.5
茵陈蒿（鲜）[茵陈],蔬菜类及其制品-野生蔬菜类,100.0,273.0,5.6,0.4,12.0
榆钱（鲜）,蔬菜类及其制品-野生蔬菜类,100.0,187.0,4.8,0.4,7.6
珍珠花菜,蔬菜类及其制品-野生蔬菜类,100.0,72.0,1.7,0.2,0.0
紫花桔梗,蔬菜类及其制品-野生蔬菜类,100.0,94.0,0.9,0.1,0.0
紫萼香茶菜,蔬菜类及其制品-野生蔬菜类,100.0,72.0,1.7,0.2,0.0
茼蒿菜（尖叶）[取英菜，苦麻子],蔬菜类及其制品-野生蔬菜类,100.0,75.0,2.0,0.0,0.0
茴芹（鲜）,蔬菜类及其制品-野生蔬菜类,100.0,94.0,0.9,0.1,17.0
荠菜（鲜）[野荠],蔬菜类及其制品-野生蔬菜类,65.0,54.0,0.7,0.2,2.7
蒌蒿（鲜）,蔬菜类及其制品-野生蔬菜类,100.0,239.0,3.7,0.7,9.0
蕨菜（鲜）[龙头菜，如意菜],蔬菜类及其制品-野生蔬菜类,100.0,177.0,1.6,0.4,9.0
枸杞菜（鲜）[枸杞，地骨],蔬菜类及其制品-野生蔬菜类,49.0,197.0,5.6,1.1,4.5
酢浆草（鲜）[酸模草，酸溜溜],蔬菜类及其制品-野生蔬菜类,100.0,278.0,3.1,0.5,12.4
苦苣菜[苦菜、天精菜],蔬菜类及其制品-野生蔬菜类,100.0,136.0,3.1,0.6,4.5
苜蓿[草头、金花菜],蔬菜类及其制品-野生蔬菜类,95.0,148.0,5.0,0.7,2.9
鱼腥草（叶）[蕺菜、臭菜],蔬菜类及其制品-野生蔬菜类,100.0,131.0,2.1,0.1,10.7
鱼腥草（根）,蔬菜类及其制品-野生蔬菜类,86.0,261.0,2.1,0.1,19.5
刺五加尖,蔬菜类及其制品-野生蔬菜类,74.0,69.0,4.8,1.0,10.2
枸杞叶,蔬菜类及其制品-野生蔬菜类,100.0,34.0,3.0,1.3,5.3
灰灰菜（干，藜）,蔬菜类及其制品-野生蔬菜类,100.0,312.0,18.3,1.5,56.2
荆芥,蔬菜类及其制品-野生蔬菜类,52.0,26.0,2.6,0.0,4.3
扁豆 [月亮菜],蔬菜类及其制品-鲜豆类,91.0,41.0,2.7,0.2,8.2
蚕豆 (鲜),蔬菜类及其制品-鲜豆类,31.0,111.0,8.8,0.4,19.5
刀豆 (鲜),蔬菜类及其制品-鲜豆类,92.0,40.0,3.1,0.3,7.0
豆角,蔬菜类及其制品-鲜豆类,96.0,34.0,2.5,0.2,6.7
"豆角 (鲜, 白)",蔬菜类及其制品-鲜豆类,97.0,35.0,2.2,0.2,7.4
荷兰豆,蔬菜类及其制品-鲜豆类,88.0,30.0,2.5,0.3,4.9
龙豆 (鲜),蔬菜类及其制品-鲜豆类,98.0,36.0,3.7,0.5,5.0
龙牙豆 (鲜) [玉豆],蔬菜类及其制品-鲜豆类,93.0,19.0,2.6,0.2,2.4
"毛豆 (鲜) [青豆, 菜用大豆]",蔬菜类及其制品-鲜豆类,53.0,131.0,13.1,5.0,10.5
四季豆 (菜豆),蔬菜类及其制品-鲜豆类,96.0,31.0,2.0,0.4,5.7
"豌豆 (带荚, 鲜) [回回豆]",蔬菜类及其制品-鲜豆类,42.0,111.0,7.4,0.3,21.2
豌豆尖,蔬菜类及其制品-鲜豆类,100.0,225.0,3.1,0.0,53.9
油豆角 (鲜) [多花菜豆],蔬菜类及其制品-鲜豆类,99.0,25.0,2.4,0.3,3.9
垄船豆 (鲜),蔬菜类及其制品-鲜豆类,82.0,36.0,2.0,0.4,6.8
芸豆 (鲜),蔬菜类及其制品-鲜豆类,96.0,30.0,0.8,0.1,7.4
豇豆 (长),蔬菜类及其制品-鲜豆类,98.0,32.0,2.7,0.2,5.8
扁豆,蔬菜类及其制品-鲜豆类,96.0,32.0,2.3,0.2,7.4
豇豆,蔬菜类及其制品-鲜豆类,97.0,32.0,2.2,0.3,7.3
四季豆 [菜豆、芸豆],蔬菜类及其制品-鲜豆类,96.0,24.0,2.0,0.2,6.0
四棱豆 [杨桃豆、翅豆],蔬菜类及其制品-鲜豆类,96.0,19.0,2.0,0.2,4.2
甜脆荷兰豆 [甜豆],蔬菜类及其制品-鲜豆类,100.0,32.0,3.0,0.3,8.1
发芽豆,蔬菜类及其制品-鲜豆类,83.0,131.0,12.4,0.7,19.4
黄豆芽,蔬菜类及其制品-鲜豆类,100.0,47.0,4.5,1.6,4.5
绿豆芽,蔬菜类及其制品-鲜豆类,100.0,16.0,1.7,0.1,2.6
黑豆苗,蔬菜类及其制品-鲜豆类,100.0,30.0,4.4,0.8,2.6
豌豆苗,蔬菜类及其制品-鲜豆类,100.0,32.0,4.8,0.8,2.6
蚕豆淀粉,薯类淀粉及其制品-淀粉类,100.0,342.0,0.5,0.0,85.3
豌豆淀粉,薯类淀粉及其制品-淀粉类,100.0,342.0,0.6,0.0,85.0
玉米淀粉,薯类淀粉及其制品-淀粉类,100.0,346.0,1.2,0.1,85.0
团粉 [芡粉],薯类淀粉及其制品-淀粉类,100.0,348.0,1.5,0.0,85.8
藕粉,薯类淀粉及其制品-淀粉类,100.0,373.0,0.2,0.0,93.0
桂花藕粉,薯类淀粉及其制品-淀粉类,100.0,344.0,0.4,0.1,85.3
"魔芋精粉 [鬼芋粉,南星粉]",薯类淀粉及其制品-淀粉类,100.0,186.0,4.6,0.1,78.8
淀粉(小麦),薯类淀粉及其制品-淀粉类,100.0,351.0,0.2,0.5,86.0
淀粉(大米),薯类淀粉及其制品-淀粉类,100.0,366.0,0.2,0.7,89.3
淀粉(马铃薯),薯类淀粉及其制品-淀粉类,100.0,332.0,0.1,0.1,82.0
淀粉（甘薯）,薯类淀粉及其制品-淀粉类,100.0,342.0,0.1,0.2,84.4
煎炸粉,薯类淀粉及其制品-淀粉类,100.0,331.0,12.1,1.4,73.6
粉丝,薯类淀粉及其制品-淀粉类,100.0,338.0,0.8,0.2,83.7
豌豆粉丝,薯类淀粉及其制品-淀粉类,100.0,368.0,0.4,0.0,91.7
粉条,薯类淀粉及其制品-淀粉类,100.0,338.0,0.5,0.1,84.2
马铃薯[土豆、洋芋],薯类淀粉及其制品-薯类,94.0,81.0,2.6,0.2,17.8
马铃薯丁(脱水),薯类淀粉及其制品-薯类,100.0,344.0,5.7,0.5,80.7
马铃薯(烤),薯类淀粉及其制品-薯类,100.0,70.0,1.8,0.1,16.4
马铃薯(蒸),薯类淀粉及其制品-薯类,100.0,69.0,3.0,0.0,15.3
马铃薯(煮),薯类淀粉及其制品-薯类,100.0,65.0,3.2,0.0,14.2
马铃薯全粉,薯类淀粉及其制品-薯类,100.0,362.0,8.4,0.5,82.7
甘薯(白心)[红皮山芋],薯类淀粉及其制品-薯类,86.0,106.0,1.4,0.2,25.2
甘薯片[白薯干],薯类淀粉及其制品-薯类,100.0,344.0,4.7,0.8,80.5
甘薯粉[地瓜粉],薯类淀粉及其制品-薯类,100.0,336.0,2.7,0.2,80.9
甘薯(红心)[山芋、红薯],薯类淀粉及其制品-薯类,90.0,61.0,0.7,0.2,15.3
木薯,薯类淀粉及其制品-薯类,99.0,119.0,2.1,0.3,27.8
鸡蛋（代表值）,蛋类及其制品-鸡蛋,87.0,139.0,13.1,8.6,2.4
鸡蛋（白皮）,蛋类及其制品-鸡蛋,87.0,138.0,12.7,9.0,1.5
鸡蛋（土鸡）,蛋类及其制品-鸡蛋,88.0,138.0,14.4,6.4,5.6
鸡蛋白,蛋类及其制品-鸡蛋,100.0,60.0,11.6,0.1,3.1
鸡蛋白（乌骨鸡）,蛋类及其制品-鸡蛋,100.0,44.0,9.8,0.1,1.0
鸡蛋黄,蛋类及其制品-鸡蛋,100.0,328.0,15.2,28.2,3.4
鸡蛋黄（乌骨鸡）,蛋类及其制品-鸡蛋,100.0,263.0,15.2,19.9,5.7
鸡蛋（红皮）,蛋类及其制品-鸡蛋,87.0,143.0,12.2,10.5,0.0
鸡蛋（藏鸡蛋）,蛋类及其制品-鸡蛋,86.0,162.0,12.6,11.3,2.4
鸡蛋（乌鸡蛋，绿皮）,蛋类及其制品-鸡蛋,88.0,170.0,12.6,10.6,6.1
鸡蛋粉 [全蛋粉],蛋类及其制品-鸡蛋,100.0,545.0,43.4,36.2,11.3
鸡蛋黄粉,蛋类及其制品-鸡蛋,100.0,644.0,31.6,55.1,5.3
松花蛋（鸡蛋）,蛋类及其制品-鸡蛋,83.0,178.0,14.8,10.6,5.8
鸡蛋（煮）,蛋类及其制品-鸡蛋,86.0,143.0,12.1,10.5,0.1
毛蛋,蛋类及其制品-鸡蛋,87.0,176.0,14.2,13.2,0.0
荷包蛋（油煎）,蛋类及其制品-鸡蛋,100.0,195.0,13.5,15.0,1.4
荷包蛋（煮）,蛋类及其制品-鸡蛋,100.0,155.0,12.3,11.7,0.2
鸭蛋,蛋类及其制品-鸭蛋,87.0,180.0,12.6,13.0,3.1
鸭蛋白,蛋类及其制品-鸭蛋,100.0,47.0,9.9,0.0,1.8
鸭蛋黄,蛋类及其制品-鸭蛋,100.0,378.0,14.5,33.8,4.0
海鸭蛋,蛋类及其制品-鸭蛋,87.0,243.0,12.7,13.8,16.9
松花蛋（鸭蛋）[皮蛋],蛋类及其制品-鸭蛋,90.0,171.0,14.2,10.7,4.5
鸭蛋（咸鸭蛋，生）,蛋类及其制品-鸭蛋,88.0,190.0,12.7,12.7,6.3
鸭蛋（咸鸭蛋，煮）,蛋类及其制品-鸭蛋,84.0,177.0,13.8,13.5,0.0
鹅蛋,蛋类及其制品-鹅蛋,87.0,196.0,11.1,15.6,2.8
鹅蛋白,蛋类及其制品-鹅蛋,100.0,48.0,8.9,0.0,3.2
鹅蛋黄,蛋类及其制品-鹅蛋,100.0,324.0,15.5,26.4,6.2
鹅蛋（煮）,蛋类及其制品-鹅蛋,85.0,177.0,12.7,13.6,1.0
鹌鹑蛋,蛋类及其制品-鹌鹑蛋,86.0,160.0,12.8,11.1,2.1
鹌鹑蛋（五香罐头）,蛋类及其制品-鹌鹑蛋,89.0,152.0,11.6,11.7,0.0
高粱米,谷类及其制品-其他,100.0,360.0,10.4,3.1,74.7
糜子（带皮）,谷类及其制品-其他,100.0,336.0,10.6,0.6,75.1
糜子米（炒米）,谷类及其制品-其他,100.0,376.0,8.1,2.6,80.5
苦荞麦粉,谷类及其制品-其他,100.0,316.0,9.7,2.7,66.0
荞麦,谷类及其制品-其他,100.0,337.0,9.3,2.3,73.0
荞麦（带皮）,谷类及其制品-其他,98.0,319.0,9.5,1.7,73.0
薏米 [薏仁米，苡米],谷类及其制品-其他,100.0,361.0,12.8,3.3,71.1
薏米面,谷类及其制品-其他,100.0,351.0,11.3,2.4,73.5
荞麦面,谷类及其制品-其他,100.0,340.0,11.3,2.8,70.2
大麦 [元麦],谷类及其制品-大麦,100.0,327.0,10.2,1.4,73.3
黑大麦,谷类及其制品-大麦,100.0,327.0,10.2,2.2,74.3
肚里黄,谷类及其制品-大麦,100.0,337.0,8.8,1.2,76.7
青稞,谷类及其制品-大麦,100.0,342.0,8.1,1.5,75.0
小米,谷类及其制品-小米黄米,100.0,361.0,9.0,3.1,75.1
小米面,谷类及其制品-小米黄米,100.0,357.0,7.2,2.1,77.7
小米粥,谷类及其制品-小米黄米,100.0,46.0,1.4,0.7,8.4
小米（黄）,谷类及其制品-小米黄米,100.0,364.0,8.9,3.0,77.7
大黄米 [黍子],谷类及其制品-小米黄米,100.0,356.0,13.6,2.7,71.1
黄米,谷类及其制品-小米黄米,100.0,351.0,9.7,1.5,76.9
小麦,谷类及其制品-小麦,100.0,338.0,11.9,1.3,75.2
五谷香,谷类及其制品-小麦,100.0,378.0,9.9,2.6,78.9
小麦粉（代表值）,谷类及其制品-小麦,100.0,359.0,12.4,1.7,74.1
小麦粉（富强粉，特一粉）,谷类及其制品-小麦,100.0,351.0,10.3,1.1,75.2
小麦粉（特二粉）,谷类及其制品-小麦,100.0,352.0,10.4,1.1,75.9
小麦胚粉,谷类及其制品-小麦,100.0,403.0,36.4,10.1,44.5
麸皮,谷类及其制品-小麦,100.0,282.0,15.8,4.0,61.4
小麦粉（标准粉）,谷类及其制品-小麦,100.0,362.0,15.7,2.5,70.9
小麦粉（特制）,谷类及其制品-小麦,100.0,366.0,13.3,2.2,73.5
挂面（代表值）,谷类及其制品-小麦,100.0,353.0,11.4,0.9,75.1
挂面（标准粉）,谷类及其制品-小麦,100.0,348.0,10.1,0.7,76.0
挂面（精制龙须面）,谷类及其制品-小麦,100.0,348.0,11.2,0.5,74.7
面条（生，代表值）,谷类及其制品-小麦,100.0,301.0,8.9,0.6,65.6
面条（标准粉，切面）,谷类及其制品-小麦,100.0,283.0,8.5,1.6,59.5
面条（特粉，切面）,谷类及其制品-小麦,100.0,287.0,7.3,0.1,64.5
面条（干切面）,谷类及其制品-小麦,100.0,355.0,11.0,0.1,77.7
面条（虾蓉面）,谷类及其制品-小麦,100.0,436.0,8.5,15.1,68.3
通心面 [通心粉],谷类及其制品-小麦,100.0,351.0,11.9,0.1,75.8
挂面（富强粉）,谷类及其制品-小麦,100.0,363.0,13.0,1.5,74.7
龙须面（素）,谷类及其制品-小麦,100.0,359.0,10.8,1.8,75.7
龙须面（鸡蛋）,谷类及其制品-小麦,100.0,352.0,14.0,1.8,71.5
玉米（鲜）,谷类及其制品-玉米,46.0,112.0,4.0,1.2,22.8
玉米（白，干）,谷类及其制品-玉米,100.0,352.0,8.8,3.8,74.7
玉米（黄，干）,谷类及其制品-玉米,100.0,348.0,8.7,3.8,73.0
玉米面（白）,谷类及其制品-玉米,100.0,352.0,8.0,4.5,73.1
玉米面（强化豆粉）,谷类及其制品-玉米,100.0,352.0,11.8,4.9,68.3
玉米粒（黄，干）,谷类及其制品-玉米,100.0,327.0,8.0,0.8,79.2
玉米面（黄）,谷类及其制品-玉米,100.0,350.0,8.5,1.5,78.4
玉米糁（黄）,谷类及其制品-玉米,100.0,326.0,7.4,1.2,78.7
玉米笋（罐头）,谷类及其制品-玉米,100.0,16.0,1.1,0.2,4.9
玉米面面条,谷类及其制品-玉米,100.0,350.0,6.6,0.3,80.5
稻米（代表值）,谷类及其制品-稻米,100.0,346.0,7.9,0.9,77.2
粳米（标一）,谷类及其制品-稻米,100.0,345.0,7.7,0.6,77.4
粳米（标二）,谷类及其制品-稻米,100.0,347.0,8.0,0.6,77.7
粳米（标三）,谷类及其制品-稻米,100.0,346.0,7.2,0.8,77.6
粳米（标四）,谷类及其制品-稻米,100.0,347.0,7.5,0.7,78.1
粳米（特等）,谷类及其制品-稻米,100.0,335.0,7.3,0.4,75.7
粳米（极品精米）,谷类及其制品-稻米,100.0,343.0,6.4,1.2,78.1
粳米（西域王米）,谷类及其制品-稻米,100.0,353.0,7.5,1.8,77.0
粳米（小站稻米）,谷类及其制品-稻米,100.0,346.0,6.9,0.7,79.2
籼米（标一）,谷类及其制品-稻米,100.0,348.0,7.7,0.7,77.9
籼米（标准）[机米],谷类及其制品-稻米,100.0,349.0,7.9,0.6,78.3
籼米（优标）,谷类及其制品-稻米,100.0,350.0,8.3,1.0,77.3
早籼,谷类及其制品-稻米,64.0,361.0,9.9,2.2,76.2
早籼（标一）,谷类及其制品-稻米,100.0,352.0,8.8,1.0,77.2
早籼（标二）,谷类及其制品-稻米,100.0,346.0,9.5,1.0,75.1
早籼（特等）,谷类及其制品-稻米,100.0,347.0,9.1,0.6,76.7
晚籼（标一）,谷类及其制品-稻米,100.0,346.0,7.9,0.7,77.3
晚籼（标二）,谷类及其制品-稻米,100.0,344.0,8.6,0.8,75.7
晚籼（特等）,谷类及其制品-稻米,100.0,342.0,8.1,0.3,76.9
粳稻（红）,谷类及其制品-稻米,64.0,348.0,7.0,2.0,76.4
黑米,谷类及其制品-稻米,100.0,341.0,9.4,2.5,72.2
香米,谷类及其制品-稻米,100.0,347.0,12.7,0.9,72.4
籼米,谷类及其制品-稻米,100.0,340.0,7.5,1.1,78.0
糙米,谷类及其制品-稻米,100.0,348.0,7.7,2.7,75.0
糯米 [江米],谷类及其制品-稻米,100.0,350.0,7.3,1.0,78.3
优糯米,谷类及其制品-稻米,100.0,345.0,9.0,1.0,75.3
早糯谷,谷类及其制品-稻米,64.0,360.0,7.1,3.2,77.0
紫红糯米 [血糯米],谷类及其制品-稻米,100.0,346.0,8.3,1.7,75.1
粳糯米,谷类及其制品-稻米,100.0,344.0,7.9,0.8,76.7
米饭（蒸，代表值）,谷类及其制品-稻米,100.0,116.0,2.6,0.3,25.9
粳米饭（蒸）,谷类及其制品-稻米,100.0,118.0,2.6,0.3,26.2
粳米粥,谷类及其制品-稻米,100.0,46.0,1.1,0.3,9.9
粳米粉[排米粉],谷类及其制品-稻米,100.0,356.0,7.4,0.1,81.5
粳米粉（干，细）,谷类及其制品-稻米,100.0,346.0,8.0,0.1,78.3
高蛋白豆米粉（籼米）,谷类及其制品-稻米,100.0,414.0,16.5,7.1,71.0
籼米饭（蒸）,谷类及其制品-稻米,100.0,117.0,3.0,0.4,26.4
籼米粥,谷类及其制品-稻米,100.0,59.0,1.3,0.2,13.4
米粉,谷类及其制品-稻米,100.0,349.0,0.4,0.8,85.8
河粉,谷类及其制品-稻米,100.0,359.0,7.7,1.5,79.2
海参,鱼虾蟹贝类-其他,100.0,78.0,16.5,0.2,2.5
海参（干）,鱼虾蟹贝类-其他,93.0,262.0,50.2,4.8,4.5
海参（水浸）,鱼虾蟹贝类-其他,100.0,25.0,6.0,0.1,0.0
海蜇皮,鱼虾蟹贝类-其他,100.0,33.0,3.7,0.3,3.8
海蜇头,鱼虾蟹贝类-其他,100.0,74.0,6.0,0.3,11.8
墨鱼（鲜，曼氏无针乌贼）,鱼虾蟹贝类-其他,69.0,83.0,15.2,0.9,3.4
墨鱼（干，曼氏无针乌贼）,鱼虾蟹贝类-其他,82.0,287.0,65.3,1.9,2.1
鱿鱼（鲜，中国枪乌贼）[枪乌贼],鱼虾蟹贝类-其他,97.0,84.0,17.4,1.6,0.0
鱿鱼（干，中国枪乌贼）,鱼虾蟹贝类-其他,98.0,313.0,60.0,4.6,7.8
鱿鱼（水浸）,鱼虾蟹贝类-其他,98.0,75.0,17.0,0.8,0.0
乌鱼蛋,鱼虾蟹贝类-其他,73.0,66.0,14.1,1.1,0.0
章鱼（章鱼肉）[八爪鱼],鱼虾蟹贝类-其他,100.0,52.0,10.6,0.4,1.4
章鱼[八爪鱼],鱼虾蟹贝类-其他,78.0,135.0,18.9,0.4,14.0
甲鱼蛋,鱼虾蟹贝类-其他,100.0,128.0,12.5,7.3,3.0
乌龟（龟板）,鱼虾蟹贝类-其他,28.0,466.0,9.9,44.4,6.8
乌龟（肉）,鱼虾蟹贝类-其他,100.0,250.0,14.5,21.1,0.4
金鲨鱼翅（干）,鱼虾蟹贝类-其他,100.0,350.0,84.1,0.5,2.3
鱼翅（干）,鱼虾蟹贝类-其他,100.0,362.0,88.4,0.9,0.0
棘参（鲜）,鱼虾蟹贝类-其他,53.0,21.0,4.1,0.0,1.2
梅花参（泡发）,鱼虾蟹贝类-其他,100.0,73.0,11.7,0.9,4.5
墨鱼（干）,鱼虾蟹贝类-其他,85.0,313.0,71.6,1.1,4.2
墨鱼圈,鱼虾蟹贝类-其他,100.0,72.0,13.0,2.2,0.0
墨鱼丸,鱼虾蟹贝类-其他,100.0,128.0,13.4,4.7,8.0
白米虾 [水虾米],鱼虾蟹贝类-虾,57.0,81.0,17.3,0.4,2.0
斑节对虾 [草虾],鱼虾蟹贝类-虾,59.0,103.0,18.6,0.8,5.4
长毛对虾 [大虾、白露虾],鱼虾蟹贝类-虾,65.0,90.0,18.5,0.4,3.0
蚵蛄蛄 [刺蛄、大头虾],鱼虾蟹贝类-虾,14.0,77.0,16.0,1.4,0.0
东方对虾 [中国对虾],鱼虾蟹贝类-虾,67.0,84.0,18.3,0.5,1.6
对虾,鱼虾蟹贝类-虾,61.0,93.0,18.6,0.8,2.8
海虾,鱼虾蟹贝类-虾,51.0,79.0,16.8,0.6,1.5
河虾,鱼虾蟹贝类-虾,86.0,87.0,16.4,2.4,0.0
基围虾,鱼虾蟹贝类-虾,60.0,101.0,18.2,1.4,3.9
江虾 [沼虾],鱼虾蟹贝类-虾,100.0,87.0,10.3,0.9,9.3
龙虾,鱼虾蟹贝类-虾,46.0,90.0,18.9,1.1,1.0
明虾,鱼虾蟹贝类-虾,57.0,85.0,13.4,1.8,3.8
塘水虾 [草虾],鱼虾蟹贝类-虾,57.0,96.0,21.2,1.2,0.0
虾虎,鱼虾蟹贝类-虾,32.0,81.0,11.6,1.7,4.8
鳌虾,鱼虾蟹贝类-虾,31.0,93.0,14.8,3.8,0.0
北极虾,鱼虾蟹贝类-虾,85.0,132.0,14.9,1.2,15.4
九节虾（鲜）,鱼虾蟹贝类-虾,61.0,90.0,21.4,0.1,0.8
口虾蛄 [皮皮虾],鱼虾蟹贝类-虾,28.0,82.0,14.8,1.7,1.8
罗氏沼虾,鱼虾蟹贝类-虾,40.0,91.0,20.6,0.8,0.0
南美白对虾,鱼虾蟹贝类-虾,56.0,83.0,19.4,0.2,0.8
青虾,鱼虾蟹贝类-虾,57.0,100.0,23.8,0.4,0.2
琼海虾,鱼虾蟹贝类-虾,100.0,56.0,8.9,1.8,0.9
虾米[海米、虾仁],鱼虾蟹贝类-虾,100.0,198.0,43.7,2.6,0.0
虾脑酱,鱼虾蟹贝类-虾,100.0,100.0,15.2,4.3,0.0
虾酱,鱼虾蟹贝类-虾,100.0,112.0,10.8,7.6,0.0
虾仁(红),鱼虾蟹贝类-虾,100.0,48.0,10.4,0.7,0.0
虾皮,鱼虾蟹贝类-虾,100.0,153.0,30.7,2.2,2.5
虾仁,鱼虾蟹贝类-虾,100.0,199.0,20.8,0.6,27.7
虾仁肉丸,鱼虾蟹贝类-虾,100.0,152.0,4.6,7.4,16.7
海蟹,鱼虾蟹贝类-蟹,55.0,95.0,13.8,2.3,4.7
河蟹,鱼虾蟹贝类-蟹,42.0,103.0,17.5,2.6,2.3
锯缘青蟹 [青蟹],鱼虾蟹贝类-蟹,43.0,80.0,14.6,1.6,1.7
梭子蟹,鱼虾蟹贝类-蟹,49.0,95.0,15.9,3.1,0.9
蟹肉,鱼虾蟹贝类-蟹,100.0,62.0,11.6,1.2,1.1
海蟹（小）,鱼虾蟹贝类-蟹,42.0,81.0,14.2,1.1,3.6
锯缘青蟹（公，鲜）,鱼虾蟹贝类-蟹,42.0,126.0,16.7,5.2,3.1
锯缘青蟹（母，鲜）,鱼虾蟹贝类-蟹,44.0,155.0,17.3,7.5,4.5
大闸蟹（母）,鱼虾蟹贝类-蟹,36.0,156.0,21.0,7.7,0.6
海蟹（公）,鱼虾蟹贝类-蟹,25.0,85.0,18.0,0.3,2.5
海蟹（母）,鱼虾蟹贝类-蟹,27.0,64.0,14.2,0.3,1.2
蟹足棒,鱼虾蟹贝类-蟹,100.0,123.0,9.0,0.6,20.5
蟹膏（大闸蟹，蒸）,鱼虾蟹贝类-蟹,100.0,167.0,15.4,9.8,4.4
蟹肉（大闸蟹，公，蒸）,鱼虾蟹贝类-蟹,100.0,128.0,24.2,3.4,0.0
蟹黄（大闸蟹，蒸）,鱼虾蟹贝类-蟹,100.0,255.0,24.0,17.2,1.2
蟹肉（大闸蟹，母，蒸）,鱼虾蟹贝类-蟹,100.0,131.0,22.4,4.2,0.9
梭子蟹（公，蒸）,鱼虾蟹贝类-蟹,28.0,79.0,19.0,0.2,0.0
梭子蟹（母，蒸）,鱼虾蟹贝类-蟹,21.0,101.0,24.1,0.4,0.0
鲍鱼 [杂色鲍],鱼虾蟹贝类-贝,65.0,84.0,12.6,0.8,6.6
鲍鱼 (干),鱼虾蟹贝类-贝,100.0,322.0,54.1,5.6,13.7
蛏子,鱼虾蟹贝类-贝,57.0,40.0,7.3,0.3,2.1
蛏干 [蛏子缢、蛏青子],鱼虾蟹贝类-贝,100.0,340.0,46.5,4.9,27.4
赤贝,鱼虾蟹贝类-贝,34.0,61.0,13.9,0.6,0.0
河蚌,鱼虾蟹贝类-贝,43.0,54.0,10.9,0.8,0.7
河蚬 [蚬子],鱼虾蟹贝类-贝,35.0,47.0,7.0,1.4,1.7
牡蛎 [海蛎子],鱼虾蟹贝类-贝,100.0,73.0,5.3,2.1,8.2
生蚝,鱼虾蟹贝类-贝,100.0,57.0,10.9,1.5,0.0
泥蚶 [血蚶、珠蚶],鱼虾蟹贝类-贝,30.0,71.0,10.0,0.8,6.0
扇贝 (鲜),鱼虾蟹贝类-贝,35.0,60.0,11.1,0.6,2.6
扇贝 (干) [干贝],鱼虾蟹贝类-贝,100.0,264.0,55.6,2.4,5.1
鲜贝,鱼虾蟹贝类-贝,100.0,77.0,15.7,0.5,2.5
银蚶 [蚶子],鱼虾蟹贝类-贝,27.0,71.0,12.2,1.4,2.3
蛤贝 (鲜) [淡菜、壳菜],鱼虾蟹贝类-贝,49.0,80.0,11.4,1.7,4.7
贻贝（干）[淡菜、壳菜],鱼虾蟹贝类-贝,100.0,355.0,47.8,9.3,20.1
海蚌 [西施舌],鱼虾蟹贝类-贝,47.0,42.0,9.5,0.3,0.2
鲍鱼（皱纹鲍）,鱼虾蟹贝类-贝,40.0,75.0,13.7,0.1,4.8
蛤蜊（代表值）,鱼虾蟹贝类-贝,39.0,62.0,10.1,1.1,2.8
蛤蜊（花蛤蜊）,鱼虾蟹贝类-贝,46.0,45.0,7.7,0.6,2.2
蛤蜊（毛蛤蜊）,鱼虾蟹贝类-贝,25.0,97.0,15.0,1.0,7.1
蛤蜊（秋蛤蜊）,鱼虾蟹贝类-贝,26.0,89.0,15.6,0.7,5.0
蛤蜊（沙蛤蜊）,鱼虾蟹贝类-贝,50.0,56.0,8.9,1.9,0.8
蛤蜊（杂色蛤蜊）,鱼虾蟹贝类-贝,40.0,53.0,7.5,2.2,0.7
螺（代表值）,鱼虾蟹贝类-贝,41.0,100.0,15.7,1.2,6.6
红螺,鱼虾蟹贝类-贝,55.0,119.0,20.2,0.9,7.6
黄螺 [东风螺],鱼虾蟹贝类-贝,43.0,106.0,19.8,1.0,4.5
螺蛳,鱼虾蟹贝类-贝,37.0,59.0,7.5,0.6,6.0
石螺,鱼虾蟹贝类-贝,27.0,90.0,12.8,0.7,8.2
田螺,鱼虾蟹贝类-贝,26.0,60.0,11.0,0.2,3.6
香海螺,鱼虾蟹贝类-贝,59.0,163.0,22.7,3.5,10.1
海蚌（鲜）,鱼虾蟹贝类-贝,65.0,51.0,6.9,0.2,5.5
海蚌（漳港海蚌，鲜）,鱼虾蟹贝类-贝,50.0,64.0,9.4,0.7,4.9
蛏子（焯）,鱼虾蟹贝类-贝,52.0,67.0,13.5,0.9,1.1
缢蛏（鲜）,鱼虾蟹贝类-贝,55.0,73.0,8.6,1.8,5.6
牛角江珧蛤（鲜）[长带子],鱼虾蟹贝类-贝,59.0,49.0,7.1,0.5,4.0
文蛤（鲜）,鱼虾蟹贝类-贝,31.0,56.0,9.2,0.7,3.2
血蛤（鲜）,鱼虾蟹贝类-贝,31.0,51.0,8.2,0.5,3.3
六角螺（鲜）,鱼虾蟹贝类-贝,7.0,118.0,23.5,0.5,4.8
海螺肉（干）,鱼虾蟹贝类-贝,100.0,295.0,65.7,0.5,7.0
文蛤丸,鱼虾蟹贝类-贝,100.0,211.0,16.2,9.2,15.8
白条鱼（裸鱼）,鱼虾蟹贝类-鱼,59.0,103.0,16.6,3.3,1.6
草鱼,鱼虾蟹贝类-鱼,58.0,113.0,16.6,5.2,0.0
赤眼鳟[金目鱼],鱼虾蟹贝类-鱼,59.0,109.0,18.1,4.1,0.0
鲶鱼[猴鱼],鱼虾蟹贝类-鱼,54.0,114.0,17.5,4.3,1.2
胡子鲇[塘虱（鱼）],鱼虾蟹贝类-鱼,50.0,146.0,15.4,8.0,3.1
黄颡鱼[戈牙鱼、黄鳍鱼],鱼虾蟹贝类-鱼,52.0,124.0,17.8,2.7,7.1
黄鳝[鳝鱼],鱼虾蟹贝类-鱼,67.0,89.0,18.0,1.4,1.2
黄鳝丝,鱼虾蟹贝类-鱼,88.0,69.0,15.4,0.8,0.0
尖嘴白,鱼虾蟹贝类-鱼,80.0,137.0,22.7,3.3,4.1
口头鱼,鱼虾蟹贝类-鱼,56.0,134.0,19.6,4.2,4.5
鲤鱼[鲤拐子],鱼虾蟹贝类-鱼,54.0,109.0,17.6,4.1,0.5
罗非鱼,鱼虾蟹贝类-鱼,55.0,98.0,18.4,1.5,2.8
罗非鱼（莫桑比克）[非洲黑鲫鱼],鱼虾蟹贝类-鱼,53.0,77.0,16.0,1.0,1.0
泥鳅,鱼虾蟹贝类-鱼,60.0,96.0,17.9,2.0,1.7
青鱼[青皮鱼、青鳞鱼、青混],鱼虾蟹贝类-鱼,63.0,118.0,20.1,4.2,0.0
乌鳢[黑鱼、乌鱼、生鱼],鱼虾蟹贝类-鱼,57.0,85.0,18.5,1.2,0.0
银鱼[面条鱼],鱼虾蟹贝类-鱼,100.0,105.0,17.2,4.0,0.0
湟鱼[裸鲤鱼],鱼虾蟹贝类-鱼,56.0,124.0,17.1,3.2,6.7
鲇鱼[胡子鲇、鲶胡、旺虾],鱼虾蟹贝类-鱼,65.0,103.0,17.3,3.7,0.0
鲶花,鱼虾蟹贝类-鱼,63.0,117.0,15.6,6.1,0.0
鲢鱼[白鲢、胖子、连子鱼],鱼虾蟹贝类-鱼,61.0,104.0,17.8,3.6,0.0
鲫鱼 [喜头鱼、海附鱼],鱼虾蟹贝类-鱼,54.0,108.0,17.1,2.7,3.8
鲥鱼 [雪鲫],鱼虾蟹贝类-鱼,57.0,95.0,18.4,2.1,0.7
鲥鱼 (罐头),鱼虾蟹贝类-鱼,100.0,399.0,30.7,26.9,8.5
鲌鱼 [鲂鱼、武昌鱼],鱼虾蟹贝类-鱼,59.0,135.0,18.3,6.3,1.2
鳗鲡 [鳗鱼、河鳗],鱼虾蟹贝类-鱼,84.0,181.0,18.6,10.8,2.3
鲱鱼 [胖头鱼、摆佳鱼、花鲢鱼],鱼虾蟹贝类-鱼,61.0,100.0,15.3,2.2,4.7
鳜鱼 [桂鱼、花鲫鱼],鱼虾蟹贝类-鱼,61.0,117.0,19.9,4.2,0.0
鳟鱼 [红鳟鱼],鱼虾蟹贝类-鱼,57.0,99.0,18.6,2.6,0.2
草鱼 [白鲩、草包鱼],鱼虾蟹贝类-鱼,58.0,96.0,17.7,2.6,0.5
鲢鱼 [白鲢、胖子、连子鱼],鱼虾蟹贝类-鱼,61.0,84.0,16.3,2.1,0.0
丁桂鱼,鱼虾蟹贝类-鱼,62.0,157.0,29.7,4.2,0.2
乌鳢 (野生) [黑鱼、乌鱼、生鱼],鱼虾蟹贝类-鱼,71.0,105.0,19.9,2.3,1.1
花骨鱼,鱼虾蟹贝类-鱼,57.0,155.0,25.8,5.6,0.4
黄颡鱼 [戈牙鱼、黄鳍鱼],鱼虾蟹贝类-鱼,44.0,161.0,17.3,10.2,0.0
回头鱼,鱼虾蟹贝类-鱼,61.0,107.0,14.5,5.3,0.4
鲷鱼,鱼虾蟹贝类-鱼,64.0,143.0,14.8,4.5,10.8
斑鱚 [剑骨鱼],鱼虾蟹贝类-鱼,54.0,135.0,16.8,7.3,0.0
抗浪鱼,鱼虾蟹贝类-鱼,85.0,174.0,16.6,11.0,2.1
蓝鳃太阳鱼,鱼虾蟹贝类-鱼,48.0,93.0,17.8,2.3,0.3
钳鱼,鱼虾蟹贝类-鱼,72.0,212.0,29.2,10.3,0.7
翘嘴红鲌 (鲜),鱼虾蟹贝类-鱼,59.0,123.0,18.1,5.6,0.1
鲅鱼,鱼虾蟹贝类-鱼,48.0,189.0,20.8,11.3,0.9
鲥鱼,鱼虾蟹贝类-鱼,69.0,100.0,23.4,0.4,0.6
雅鱼,鱼虾蟹贝类-鱼,73.0,131.0,26.5,2.7,0.1
胭脂鱼（养殖）,鱼虾蟹贝类-鱼,71.0,162.0,38.8,0.6,0.4
棒棒鱼（雅江冷水鱼）,鱼虾蟹贝类-鱼,49.0,118.0,27.1,1.1,0.0
尖嘴鱼（雅江冷水鱼）,鱼虾蟹贝类-鱼,61.0,107.0,17.1,2.2,4.6
胡子鱼（雅江冷水鱼）,鱼虾蟹贝类-鱼,46.0,99.0,17.4,1.3,4.4
白姑鱼 [白米子（鱼）],鱼虾蟹贝类-鱼,67.0,150.0,19.1,8.2,0.0
鲹鱼 [蓝圆鲹、边鱼],鱼虾蟹贝类-鱼,70.0,124.0,18.5,3.4,4.8
带鱼 [白带鱼、刀鱼],鱼虾蟹贝类-鱼,76.0,127.0,17.7,4.9,3.1
堤鱼,鱼虾蟹贝类-鱼,64.0,191.0,17.6,12.8,1.3
丁香鱼（干）,鱼虾蟹贝类-鱼,100.0,196.0,37.5,3.1,4.6
狗母鱼 [大头狗母鱼],鱼虾蟹贝类-鱼,67.0,100.0,16.7,2.3,3.0
海鲫鱼 [九九鱼],鱼虾蟹贝类-鱼,60.0,206.0,17.0,13.7,3.6
海鳗 [鯙勾],鱼虾蟹贝类-鱼,67.0,122.0,18.8,5.0,0.5
红娘鱼 [翼红娘鱼],鱼虾蟹贝类-鱼,55.0,105.0,18.0,2.8,1.9
黄姑鱼 [黄婆鸡],鱼虾蟹贝类-鱼,63.0,137.0,18.4,7.0,0.0
黄鱼（大黄花鱼）,鱼虾蟹贝类-鱼,66.0,97.0,17.7,2.5,0.8
黄鲂 [赤虹、老板鱼],鱼虾蟹贝类-鱼,75.0,81.0,18.5,0.5,0.6
金线鱼 [红三鱼],鱼虾蟹贝类-鱼,40.0,101.0,18.6,2.9,0.0
绿鳍马面魨 [面包鱼、橡皮鱼],鱼虾蟹贝类-鱼,52.0,83.0,18.1,0.6,1.2
梅童鱼 [大头仔鱼、丁珠鱼],鱼虾蟹贝类-鱼,63.0,121.0,18.9,5.0,0.0
沙丁鱼 [沙鯖],鱼虾蟹贝类-鱼,67.0,89.0,19.8,1.1,0.0
沙钻鱼 [多鳞鱚、沙梭鱼、麦穗鱼],鱼虾蟹贝类-鱼,63.0,84.0,18.4,0.6,1.2
蛇鯖 [沙梭鱼],鱼虾蟹贝类-鱼,72.0,122.0,20.8,4.2,0.3
舌鳎 [花纹舌头、舌头鱼],鱼虾蟹贝类-鱼,68.0,83.0,17.7,1.4,0.0
油抒 [香梭鱼],鱼虾蟹贝类-鱼,74.0,145.0,15.9,9.0,0.0
颚针鱼 [针量鱼],鱼虾蟹贝类-鱼,75.0,180.0,20.2,10.4,1.4
鲅鱼 [马鲛鱼、燕鲅鱼、巴鱼],鱼虾蟹贝类-鱼,80.0,121.0,21.2,3.1,2.1
鲅鱼（咸）[咸马鲛],鱼虾蟹贝类-鱼,67.0,157.0,23.3,1.6,12.4
鲱 [片口鱼、比目鱼],鱼虾蟹贝类-鱼,68.0,112.0,20.8,3.2,0.0
鲈鱼 [鲈花],鱼虾蟹贝类-鱼,58.0,105.0,18.6,3.4,0.0
鲱鱼 [青鲐鱼、鲐巴鱼、青砖鱼],鱼虾蟹贝类-鱼,66.0,155.0,19.9,7.4,2.2
鲑鱼 [大马哈鱼、三文鱼],鱼虾蟹贝类-鱼,72.0,139.0,17.2,7.8,0.0
鲑鱼籽酱 [大马哈鱼籽酱、三文鱼籽酱],鱼虾蟹贝类-鱼,100.0,252.0,10.9,16.8,14.4
鲱鱼（大）[大凤尾鱼],鱼虾蟹贝类-鱼,79.0,106.0,13.2,5.5,0.8
鲱鱼（小）[小凤尾鱼],鱼虾蟹贝类-鱼,90.0,124.0,15.5,5.1,4.0
鲨鱼（真鲨、白斑角鲨）,鱼虾蟹贝类-鱼,56.0,118.0,22.2,3.2,0.0
鲷鱼（银鲳鱼）[平鱼],鱼虾蟹贝类-鱼,70.0,140.0,18.5,7.3,0.0
鲷 [黑鲷、铜盆鱼、大目鱼],鱼虾蟹贝类-鱼,65.0,106.0,17.9,2.6,2.7
鲷鱼 [白眼棱鱼],鱼虾蟹贝类-鱼,57.0,119.0,18.9,4.8,0.0
鲷 [比目鱼、凸眼鱼],鱼虾蟹贝类-鱼,72.0,107.0,21.1,2.3,0.5
鲷鱼 [夫鱼],鱼虾蟹贝类-鱼,59.0,90.0,20.8,0.7,0.0
鲹鱼 [快鱼、力鱼],鱼虾蟹贝类-鱼,71.0,159.0,20.7,8.5,0.0
鳕鱼 [鳕狭、明太鱼],鱼虾蟹贝类-鱼,45.0,88.0,20.4,0.5,0.5
鲱鱼 [鲨鱼],鱼虾蟹贝类-鱼,76.0,89.0,20.2,0.9,0.0
带鱼(切段),鱼虾蟹贝类-鱼,70.0,108.0,17.6,4.2,0.0
黄鱼(小黄花鱼),鱼虾蟹贝类-鱼,62.0,114.0,17.0,5.1,0.0
金鲳鱼,鱼虾蟹贝类-鱼,66.0,99.0,18.7,2.7,0.0
鲭鱼,鱼虾蟹贝类-鱼,49.0,413.0,14.4,39.4,0.2
双髻鲨,鱼虾蟹贝类-鱼,38.0,111.0,27.4,0.1,0.0
紫青低纹鮨(冰鲜),鱼虾蟹贝类-鱼,61.0,150.0,20.5,7.2,0.8
鲅鰶鱼,鱼虾蟹贝类-鱼,45.0,60.0,13.7,0.6,0.0
鲅鱼(鲜，刺鲳),鱼虾蟹贝类-鱼,67.0,149.0,16.8,6.5,5.9
大菱鲆鱼(鲜) [多宝鱼],鱼虾蟹贝类-鱼,68.0,81.0,17.0,1.1,0.7
海鲈鱼(鲜),鱼虾蟹贝类-鱼,55.0,112.0,19.5,3.6,0.4
红鳍笛鲷 [红鱼],鱼虾蟹贝类-鱼,48.0,134.0,20.1,4.8,2.7
黄姑鱼(鲜),鱼虾蟹贝类-鱼,68.0,88.0,14.7,0.7,5.6
鲅鱼 [马鲛鱼],鱼虾蟹贝类-鱼,72.0,194.0,18.7,11.3,4.4
石斑鱼(老虎斑),鱼虾蟹贝类-鱼,38.0,130.0,20.2,4.3,2.7
石斑鱼(红石斑鱼),鱼虾蟹贝类-鱼,45.0,90.0,19.9,0.4,1.6
石斑鱼(黑石斑鱼),鱼虾蟹贝类-鱼,56.0,95.0,20.2,1.2,0.9
石斑鱼(花石斑鱼),鱼虾蟹贝类-鱼,47.0,95.0,20.2,0.8,1.7
苏眉鱼,鱼虾蟹贝类-鱼,33.0,70.0,16.5,0.4,0.0
青衣(红色),鱼虾蟹贝类-鱼,49.0,84.0,20.1,0.3,0.2
青衣(孔雀绿色),鱼虾蟹贝类-鱼,46.0,82.0,19.2,0.3,0.6
笠鱼,鱼虾蟹贝类-鱼,45.0,97.0,22.2,0.5,0.9
金枪鱼肉,鱼虾蟹贝类-鱼,100.0,102.0,23.7,0.3,1.1
鲅鱼肉 [马鲛鱼肉],鱼虾蟹贝类-鱼,100.0,102.0,23.7,0.3,1.0
刺泡鱼 [刺鲍鱼],鱼虾蟹贝类-鱼,48.0,94.0,23.0,0.2,0.0
鱼片干,鱼虾蟹贝类-鱼,100.0,303.0,46.1,3.4,22.0
鱼奇油 [鱼露、虾油],鱼虾蟹贝类-鱼,100.0,47.0,11.2,0.2,0.0
鱼排,鱼虾蟹贝类-鱼,100.0,160.0,10.1,2.4,24.5
鱼丸,鱼虾蟹贝类-鱼,100.0,107.0,11.1,1.3,12.7
鱼子酱,鱼虾蟹贝类-鱼,100.0,201.0,9.6,7.1,24.7
草鱼（熏）,鱼虾蟹贝类-鱼,100.0,283.0,24.0,16.5,9.6
丁香鱼（香辣味）,鱼虾蟹贝类-鱼,100.0,403.0,19.0,28.2,18.3
凤尾鱼（熟）,鱼虾蟹贝类-鱼,100.0,520.0,23.5,43.0,9.7
箭鱼（炸）,鱼虾蟹贝类-鱼,100.0,271.0,20.8,16.1,10.7
金枪鱼（盐水浸）,鱼虾蟹贝类-鱼,81.0,99.0,23.5,0.6,0.0
金枪鱼（油浸）,鱼虾蟹贝类-鱼,79.0,189.0,27.1,9.0,0.0
鲱鱼（豆豉，熟）,鱼虾蟹贝类-鱼,100.0,472.0,25.5,33.1,17.9
鳗鱼（红烧）,鱼虾蟹贝类-鱼,100.0,211.0,21.3,9.8,9.5
鲭鱼（烤，150℃，20分）,鱼虾蟹贝类-鱼,100.0,390.0,19.1,34.8,0.0
鲭鱼（炸）,鱼虾蟹贝类-鱼,100.0,550.0,17.2,53.4,0.1
鲭鱼（蒸）,鱼虾蟹贝类-鱼,100.0,390.0,14.6,36.5,0.7
鲭鱼（煮）,鱼虾蟹贝类-鱼,100.0,372.0,14.9,34.5,0.4
沙丁鱼（茄汁，熟）,鱼虾蟹贝类-鱼,100.0,155.0,13.8,9.8,3.0
沙丁鱼（盐水浸）,鱼虾蟹贝类-鱼,79.0,172.0,21.5,9.6,0.0
沙丁鱼（油浸）,鱼虾蟹贝类-鱼,82.0,220.0,23.3,14.1,0.0
午餐鱼（香辣味）,鱼虾蟹贝类-鱼,100.0,383.0,24.4,30.2,3.3
鳕鱼（烤）,鱼虾蟹贝类-鱼,85.0,96.0,21.4,1.2,0.0
鳕鱼（炸）,鱼虾蟹贝类-鱼,98.0,241.0,12.4,14.3,15.6
黄油,乳类及其制品-奶油,100.0,879.0,0.7,97.0,0.9
乳脂,乳类及其制品-奶油,100.0,879.0,0.7,97.0,0.9
黄油,乳类及其制品-奶油,100.0,447.0,3.0,48.3,0.0
乳脂,乳类及其制品-奶油,100.0,447.0,3.0,48.3,0.0
黄油,乳类及其制品-奶油,100.0,504.0,1.1,55.5,0.0
乳脂,乳类及其制品-奶油,100.0,504.0,1.1,55.5,0.0
奶油,乳类及其制品-奶油,100.0,888.0,1.4,98.0,0.0
乳脂,乳类及其制品-奶油,100.0,888.0,1.4,98.0,0.0
干酪,乳类及其制品-奶酪,100.0,348.0,16.5,28.4,6.5
芝士,乳类及其制品-奶酪,100.0,348.0,16.5,28.4,6.5
干酪,乳类及其制品-奶酪,100.0,386.0,23.0,25.4,16.3
芝士,乳类及其制品-奶酪,100.0,386.0,23.0,25.4,16.3
干酪,乳类及其制品-奶酪,100.0,295.0,23.9,22.1,0.0
芝士,乳类及其制品-奶酪,100.0,295.0,23.9,22.1,0.0
干酪,乳类及其制品-奶酪,100.0,272.0,25.0,18.4,1.5
芝士,乳类及其制品-奶酪,100.0,272.0,25.0,18.4,1.5
干酪,乳类及其制品-奶酪,100.0,356.0,13.1,23.4,23.2
芝士,乳类及其制品-奶酪,100.0,356.0,13.1,23.4,23.2
干酪,乳类及其制品-奶酪,100.0,515.0,3.5,33.0,51.0
芝士,乳类及其制品-奶酪,100.0,515.0,3.5,33.0,51.0
酸牛奶,乳类及其制品-酸奶,100.0,70.0,3.2,1.9,10.0
优酸乳,乳类及其制品-酸奶,100.0,70.0,3.2,1.9,10.0
酸牛奶,乳类及其制品-酸奶,100.0,86.0,2.8,2.6,12.9
优酸乳,乳类及其制品-酸奶,100.0,86.0,2.8,2.6,12.9
酸牛奶,乳类及其制品-酸奶,100.0,62.0,3.2,2.2,7.3
优酸乳,乳类及其制品-酸奶,100.0,62.0,3.2,2.2,7.3
酸牛奶,乳类及其制品-酸奶,100.0,57.0,3.3,0.4,10.0
优酸乳,乳类及其制品-酸奶,100.0,57.0,3.3,0.4,10.0
酸牛奶,乳类及其制品-酸奶,100.0,64.0,2.7,1.9,9.0
优酸乳,乳类及其制品-酸奶,100.0,64.0,2.7,1.9,9.0
酸牛奶,乳类及其制品-酸奶,100.0,67.0,3.1,1.4,10.4
优酸乳,乳类及其制品-酸奶,100.0,67.0,3.1,1.4,10.4
酸牛奶,乳类及其制品-酸奶,100.0,48.0,3.2,0.3,8.2
优酸乳,乳类及其制品-酸奶,100.0,48.0,3.2,0.3,8.2
酸牛奶,乳类及其制品-酸奶,100.0,88.0,3.0,3.2,11.9
优酸乳,乳类及其制品-酸奶,100.0,88.0,3.0,3.2,11.9
酸牛奶,乳类及其制品-酸奶,100.0,98.0,3.3,2.9,14.6
优酸乳,乳类及其制品-酸奶,100.0,98.0,3.3,2.9,14.6
酸牛奶,乳类及其制品-酸奶,100.0,111.0,1.6,2.8,19.9
优酸乳,乳类及其制品-酸奶,100.0,111.0,1.6,2.8,19.9
酸牛奶,乳类及其制品-酸奶,100.0,93.0,3.1,2.5,14.6
优酸乳,乳类及其制品-酸奶,100.0,93.0,3.1,2.5,14.6
酸牛奶,乳类及其制品-酸奶,100.0,77.0,1.6,2.8,11.3
优酸乳,乳类及其制品-酸奶,100.0,77.0,1.6,2.8,11.3
酸牛奶,乳类及其制品-酸奶,100.0,95.0,2.9,3.1,13.8
优酸乳,乳类及其制品-酸奶,100.0,95.0,2.9,3.1,13.8
酸牛奶,乳类及其制品-酸奶,100.0,95.0,3.0,2.9,14.1
优酸乳,乳类及其制品-酸奶,100.0,95.0,3.0,2.9,14.1
酸牛奶,乳类及其制品-酸奶,100.0,96.0,3.1,2.6,15.1
优酸乳,乳类及其制品-酸奶,100.0,96.0,3.1,2.6,15.1
酸牛奶,乳类及其制品-酸奶,100.0,96.0,1.6,2.4,16.9
优酸乳,乳类及其制品-酸奶,100.0,96.0,1.6,2.4,16.9
胡桃,坚果种子类-树坚果,43.0,336.0,12.8,29.9,6.1
巴旦木,坚果种子类-树坚果,100.0,578.0,22.5,45.4,23.9
巴旦木,坚果种子类-树坚果,100.0,540.0,19.9,42.9,27.8
巴旦木,坚果种子类-树坚果,91.0,618.0,25.7,51.0,18.7
巴旦木,坚果种子类-树坚果,100.0,596.0,21.3,50.6,19.7
巴旦木,坚果种子类-树坚果,100.0,602.0,21.9,50.6,19.9
巴旦木,坚果种子类-树坚果,100.0,631.0,21.2,55.2,17.7
巴旦木,坚果种子类-树坚果,100.0,617.0,22.1,52.8,19.3
巴旦木,坚果种子类-树坚果,100.0,617.0,22.1,52.8,19.3
平榛,坚果种子类-树坚果,27.0,561.0,20.0,44.8,24.3
平榛,坚果种子类-树坚果,21.0,611.0,30.5,50.3,13.1
巴旦木,坚果种子类-树坚果,63.0,648.0,25.1,58.4,11.0
巴旦木,坚果种子类-树坚果,100.0,625.0,28.0,54.4,11.1
鸡腰果,坚果种子类-树坚果,100.0,615.0,24.0,50.9,20.4
平榛,坚果种子类-树坚果,66.0,642.0,12.5,57.3,25.6
落花生,坚果种子类-种子,71.0,601.0,21.7,48.0,23.8
落花生,坚果种子类-种子,72.0,586.0,26.4,46.3,21.2
落花生,坚果种子类-种子,71.0,475.0,16.6,22.3,55.9
大豆,干豆类及其制品-大豆,100.0,407.0,33.1,15.9,37.3
豆干,干豆类及其制品-大豆,100.0,84.0,6.6,5.3,3.4
豆腐干,干豆类及其制品-大豆,100.0,84.0,6.6,5.3,3.4
豆干,干豆类及其制品-大豆,100.0,50.0,5.0,1.9,3.3
豆腐干,干豆类及其制品-大豆,100.0,50.0,5.0,1.9,3.3
豆干,干豆类及其制品-大豆,100.0,116.0,9.2,8.1,3.0
豆腐干,干豆类及其制品-大豆,100.0,116.0,9.2,8.1,3.0
豆干,干豆类及其制品-大豆,100.0,87.0,5.7,5.8,3.9
豆腐干,干豆类及其制品-大豆,100.0,87.0,5.7,5.8,3.9
豆乳,干豆类及其制品-大豆,100.0,31.0,3.0,1.6,1.2
豆乳,干豆类及其制品-大豆,100.0,34.0,2.4,0.5,4.9
豆腐,干豆类及其制品-大豆,100.0,197.0,14.9,11.3,9.6
豆干,干豆类及其制品-大豆,100.0,197.0,14.9,11.3,9.6
豆腐,干豆类及其制品-大豆,100.0,137.0,13.4,7.1,5.0
豆干,干豆类及其制品-大豆,100.0,137.0,13.4,7.1,5.0
豆腐,干豆类及其制品-大豆,100.0,99.0,10.2,4.6,4.5
豆干,干豆类及其制品-大豆,100.0,99.0,10.2,4.6,4.5
豆腐,干豆类及其制品-大豆,100.0,157.0,14.9,9.1,4.0
豆干,干豆类及其制品-大豆,100.0,157.0,14.9,9.1,4.0
豆腐,干豆类及其制品-大豆,100.0,339.0,14.5,16.7,33.4
豆干,干豆类及其制品-大豆,100.0,339.0,14.5,16.7,33.4
豆腐,干豆类及其制品-大豆,100.0,135.0,12.1,5.7,8.9
豆干,干豆类及其制品-大豆,100.0,135.0,12.1,5.7,8.9
豆腐,干豆类及其制品-大豆,100.0,152.0,15.8,7.8,5.1
豆干,干豆类及其制品-大豆,100.0,152.0,15.8,7.8,5.1
豆腐,干豆类及其制品-大豆,100.0,174.0,17.9,9.1,5.4
豆干,干豆类及其制品-大豆,100.0,174.0,17.9,9.1,5.4
豆腐,干豆类及其制品-大豆,100.0,154.0,15.8,6.2,8.8
豆干,干豆类及其制品-大豆,100.0,154.0,15.8,6.2,8.8
豆腐,干豆类及其制品-大豆,100.0,427.0,19.6,35.2,11.4
豆干,干豆类及其制品-大豆,100.0,427.0,19.6,35.2,11.4
青小豆,干豆类及其制品-绿豆,100.0,329.0,21.6,0.8,62.0
牛腱子,畜肉类及其制品-牛,100.0,160.0,20.0,8.7,0.5
牛里脊,畜肉类及其制品-牛,100.0,160.0,20.0,8.7,0.5
牛腱子,畜肉类及其制品-牛,100.0,123.0,18.6,5.4,0.0
牛里脊,畜肉类及其制品-牛,100.0,123.0,18.6,5.4,0.0
牛腱子,畜肉类及其制品-牛,100.0,106.0,20.9,2.0,1.1
牛里脊,畜肉类及其制品-牛,100.0,106.0,20.9,2.0,1.1
牛腱子,畜肉类及其制品-牛,94.0,98.0,20.1,1.0,2.2
牛里脊,畜肉类及其制品-牛,94.0,98.0,20.1,1.0,2.2
牛腱子,畜肉类及其制品-牛,100.0,105.0,19.2,1.8,2.9
牛里脊,畜肉类及其制品-牛,100.0,105.0,19.2,1.8,2.9
牛腱子,畜肉类及其制品-牛,95.0,113.0,20.3,1.3,5.1
牛里脊,畜肉类及其制品-牛,95.0,113.0,20.3,1.3,5.1
牛腱子,畜肉类及其制品-牛,100.0,113.0,21.3,2.5,1.3
牛里脊,畜肉类及其制品-牛,100.0,113.0,21.3,2.5,1.3
牛腱子,畜肉类及其制品-牛,100.0,229.0,33.2,10.7,0.0
牛里脊,畜肉类及其制品-牛,100.0,229.0,33.2,10.7,0.0
牛腱子,畜肉类及其制品-牛,100.0,200.0,25.8,10.7,0.0
牛里脊,畜肉类及其制品-牛,100.0,200.0,25.8,10.7,0.0
猪瘦肉,畜肉类及其制品-猪,91.0,331.0,15.1,30.1,0.0
猪里脊,畜肉类及其制品-猪,91.0,331.0,15.1,30.1,0.0
猪瘦肉,畜肉类及其制品-猪,97.0,336.0,14.6,30.8,0.0
猪里脊,畜肉类及其制品-猪,97.0,336.0,14.6,30.8,0.0
猪瘦肉,畜肉类及其制品-猪,73.0,320.0,17.0,28.0,0.0
猪里脊,畜肉类及其制品-猪,73.0,320.0,17.0,28.0,0.0
猪瘦肉,畜肉类及其制品-猪,96.0,568.0,9.3,59.0,0.0
猪里脊,畜肉类及其制品-猪,96.0,568.0,9.3,59.0,0.0
猪瘦肉,畜肉类及其制品-猪,77.0,287.0,17.3,22.9,2.9
猪里脊,畜肉类及其制品-猪,77.0,287.0,17.3,22.9,2.9
猪瘦肉,畜肉类及其制品-猪,100.0,143.0,20.3,6.2,1.5
猪里脊,畜肉类及其制品-猪,100.0,143.0,20.3,6.2,1.5
猪瘦肉,畜肉类及其制品-猪,100.0,153.0,20.7,7.8,0.0
猪里脊,畜肉类及其制品-猪,100.0,153.0,20.7,7.8,0.0
猪瘦肉,畜肉类及其制品-猪,100.0,190.0,17.9,12.8,0.8
猪里脊,畜肉类及其制品-猪,100.0,190.0,17.9,12.8,0.8
猪瘦肉,畜肉类及其制品-猪,100.0,181.0,19.0,11.7,0.2
猪里脊,畜肉类及其制品-猪,100.0,181.0,19.0,11.7,0.2
猪瘦肉,畜肉类及其制品-猪,90.0,577.0,8.0,60.5,0.0
猪里脊,畜肉类及其制品-猪,90.0,577.0,8.0,60.5,0.0
猪瘦肉,畜肉类及其制品-猪,100.0,289.0,15.3,25.3,0.0
猪里脊,畜肉类及其制品-猪,100.0,289.0,15.3,25.3,0.0
猪瘦肉,畜肉类及其制品-猪,100.0,334.0,14.2,30.4,0.9
猪里脊,畜肉类及其制品-猪,100.0,334.0,14.2,30.4,0.9
猪瘦肉,畜肉类及其制品-猪,100.0,165.0,20.8,9.1,0.0
猪里脊,畜肉类及其制品-猪,100.0,165.0,20.8,9.1,0.0
猪瘦肉,畜肉类及其制品-猪,100.0,175.0,20.0,10.5,0.0
猪里脊,畜肉类及其制品-猪,100.0,175.0,20.0,10.5,0.0
猪瘦肉,畜肉类及其制品-猪,100.0,557.0,10.8,57.1,0.0
猪里脊,畜肉类及其制品-猪,100.0,557.0,10.8,57.1,0.0
猪瘦肉,畜肉类及其制品-猪,100.0,536.0,11.6,54.4,0.0
猪里脊,畜肉类及其制品-猪,100.0,536.0,11.6,54.4,0.0
猪瘦肉,畜肉类及其制品-猪,100.0,159.0,22.3,7.8,0.0
猪里脊,畜肉类及其制品-猪,100.0,159.0,22.3,7.8,0.0
猪瘦肉,畜肉类及其制品-猪,100.0,140.0,20.7,6.4,0.0
猪里脊,畜肉类及其制品-猪,100.0,140.0,20.7,6.4,0.0
猪瘦肉,畜肉类及其制品-猪,100.0,150.0,19.6,7.9,0.0
猪里脊,畜肉类及其制品-猪,100.0,150.0,19.6,7.9,0.0
猪瘦肉,畜肉类及其制品-猪,100.0,198.0,18.4,13.8,0.0
猪里脊,畜肉类及其制品-猪,100.0,198.0,18.4,13.8,0.0
羊排,畜肉类及其制品-羊,100.0,139.0,18.5,6.5,1.6
羊腿,畜肉类及其制品-羊,100.0,139.0,18.5,6.5,1.6
羊排,畜肉类及其制品-羊,100.0,285.0,12.6,24.4,3.8
羊腿,畜肉类及其制品-羊,100.0,285.0,12.6,24.4,3.8
羊排,畜肉类及其制品-羊,77.0,110.0,19.5,3.4,0.3
羊腿,畜肉类及其制品-羊,77.0,110.0,19.5,3.4,0.3
羊排,畜肉类及其制品-羊,74.0,135.0,21.3,4.6,2.2
羊腿,畜肉类及其制品-羊,74.0,135.0,21.3,4.6,2.2
羊排,畜肉类及其制品-羊,100.0,103.0,20.5,1.6,1.6
羊腿,畜肉类及其制品-羊,100.0,103.0,20.5,1.6,1.6
羊排,畜肉类及其制品-羊,71.0,110.0,18.6,3.2,1.6
羊腿,畜肉类及其制品-羊,71.0,110.0,18.6,3.2,1.6
羊排,畜肉类及其制品-羊,100.0,99.0,21.3,1.1,1.0
羊腿,畜肉类及其制品-羊,100.0,99.0,21.3,1.1,1.0
羊排,畜肉类及其制品-羊,90.0,118.0,20.5,3.9,0.2
羊腿,畜肉类及其制品-羊,90.0,118.0,20.5,3.9,0.2
羊排,畜肉类及其制品-羊,81.0,133.0,19.4,6.2,0.0
羊腿,畜肉类及其制品-羊,81.0,133.0,19.4,6.2,0.0
羊排,畜肉类及其制品-羊,100.0,94.0,19.0,2.0,0.0
羊腿,畜肉类及其制品-羊,100.0,94.0,19.0,2.0,0.0
羊排,畜肉类及其制品-羊,100.0,135.0,18.9,6.6,0.0
羊腿,畜肉类及其制品-羊,100.0,135.0,18.9,6.6,0.0
羊排,畜肉类及其制品-羊,100.0,97.0,19.8,2.0,0.0
羊腿,畜肉类及其制品-羊,100.0,97.0,19.8,2.0,0.0
羊排,畜肉类及其制品-羊,100.0,111.0,20.6,3.2,0.0
羊腿,畜肉类及其制品-羊,100.0,111.0,20.6,3.2,0.0
羊排,畜肉类及其制品-羊,100.0,217.0,23.2,13.8,0.0
羊腿,畜肉类及其制品-羊,100.0,217.0,23.2,13.8,0.0
羊排,畜肉类及其制品-羊,70.0,188.0,27.3,8.8,0.0
羊腿,畜肉类及其制品-羊,70.0,188.0,27.3,8.8,0.0
毛柄金钱菌,菌藻类-菌类,100.0,26.0,1.0,0.0,6.7
海苔,菌藻类-藻类,100.0,250.0,26.7,1.1,44.1
莱菔,蔬菜类及其制品-根菜类,94.0,16.0,0.7,0.2,3.6
红萝卜,蔬菜类及其制品-根菜类,97.0,46.0,1.4,0.2,10.2
红萝卜,蔬菜类及其制品-根菜类,100.0,333.0,4.2,1.9,77.9
红萝卜,蔬菜类及其制品-根菜类,97.0,32.0,1.0,0.2,8.1
落苏,蔬菜类及其制品-茄果瓜菜类,93.0,23.0,1.1,0.2,4.9
落苏,蔬菜类及其制品-茄果瓜菜类,90.0,28.0,1.0,0.6,5.2
落苏,蔬菜类及其制品-茄果瓜菜类,95.0,32.0,1.6,0.2,6.7
西红柿,蔬菜类及其制品-茄果瓜菜类,100.0,22.0,2.0,0.6,2.6
青椒,蔬菜类及其制品-茄果瓜菜类,100.0,324.0,7.6,0.4,76.6
菜椒,蔬菜类及其制品-茄果瓜菜类,100.0,324.0,7.6,0.4,76.6
落苏,蔬菜类及其制品-茄果瓜菜类,97.0,21.0,1.3,0.1,5.5
落苏,蔬菜类及其制品-茄果瓜菜类,95.0,18.0,1.1,0.1,4.8
落苏,蔬菜类及其制品-茄果瓜菜类,98.0,23.0,0.8,0.2,5.3
冬瓜,蔬菜类及其制品-茄果瓜菜类,83.0,12.0,0.9,0.0,2.6
白瓜,蔬菜类及其制品-茄果瓜菜类,80.0,10.0,0.3,0.2,2.4
倭瓜,蔬菜类及其制品-茄果瓜菜类,74.0,36.0,1.4,0.1,8.8
葱头,蔬菜类及其制品-葱蒜类,100.0,342.0,5.5,0.4,81.9
葱头,蔬菜类及其制品-葱蒜类,100.0,339.0,6.9,0.4,80.6
土豆,薯类淀粉及其制品-薯类,100.0,70.0,1.8,0.1,16.4
土豆,薯类淀粉及其制品-薯类,100.0,69.0,3.0,0.0,15.3
土豆,薯类淀粉及其制品-薯类,100.0,65.0,3.2,0.0,14.2
鸡子,蛋类及其制品-鸡蛋,87.0,139.0,13.1,8.6,2.4
鸡卵,蛋类及其制品-鸡蛋,87.0,139.0,13.1,8.6,2.4
鸡子,蛋类及其制品-鸡蛋,87.0,138.0,12.7,9.0,1.5
鸡卵,蛋类及其制品-鸡蛋,87.0,138.0,12.7,9.0,1.5
鸡子,蛋类及其制品-鸡蛋,88.0,138.0,14.4,6.4,5.6
鸡卵,蛋类及其制品-鸡蛋,88.0,138.0,14.4,6.4,5.6
鸡子,蛋类及其制品-鸡蛋,87.0,143.0,12.2,10.5,0.0
鸡卵,蛋类及其制品-鸡蛋,87.0,143.0,12.2,10.5,0.0
鸡子,蛋类及其制品-鸡蛋,86.0,162.0,12.6,11.3,2.4
鸡卵,蛋类及其制品-鸡蛋,86.0,162.0,12.6,11.3,2.4
鸡子,蛋类及其制品-鸡蛋,88.0,170.0,12.6,10.6,6.1
鸡卵,蛋类及其制品-鸡蛋,88.0,170.0,12.6,10.6,6.1
鸡子,蛋类及其制品-鸡蛋,86.0,143.0,12.1,10.5,0.1
鸡卵,蛋类及其制品-鸡蛋,86.0,143.0,12.1,10.5,0.1
鸭卵,蛋类及其制品-鸭蛋,87.0,180.0,12.6,13.0,3.1
鸭卵,蛋类及其制品-鸭蛋,88.0,190.0,12.7,12.7,6.3
鸭卵,蛋类及其制品-鸭蛋,84.0,177.0,13.8,13.5,0.0
乌麦,谷类及其制品-其他,100.0,337.0,9.3,2.3,73.0
乌麦,谷类及其制品-其他,98.0,319.0,9.5,1.7,73.0
粟米,谷类及其制品-小米黄米,100.0,361.0,9.0,3.1,75.1
粟米,谷类及其制品-小米黄米,100.0,364.0,8.9,3.0,77.7
面粉,谷类及其制品-小麦,100.0,359.0,12.4,1.7,74.1
面粉,谷类及其制品-小麦,100.0,351.0,10.3,1.1,75.2
面粉,谷类及其制品-小麦,100.0,352.0,10.4,1.1,75.9
面粉,谷类及其制品-小麦,100.0,362.0,15.7,2.5,70.9
面粉,谷类及其制品-小麦,100.0,366.0,13.3,2.2,73.5
玉蜀黍,谷类及其制品-玉米,46.0,112.0,4.0,1.2,22.8
苞米,谷类及其制品-玉米,46.0,112.0,4.0,1.2,22.8
玉蜀黍,谷类及其制品-玉米,100.0,352.0,8.8,3.8,74.7
苞米,谷类及其制品-玉米,100.0,352.0,8.8,3.8,74.7
玉蜀黍,谷类及其制品-玉米,100.0,348.0,8.7,3.8,73.0
苞米,谷类及其制品-玉米,100.0,348.0,8.7,3.8,73.0
大米,谷类及其制品-稻米,100.0,346.0,7.9,0.9,77.2
虾,鱼虾蟹贝类-虾,61.0,93.0,18.6,0.8,2.8
海虾,鱼虾蟹贝类-虾,61.0,93.0,18.6,0.8,2.8
虾,鱼虾蟹贝类-虾,51.0,79.0,16.8,0.6,1.5
对虾,鱼虾蟹贝类-虾,51.0,79.0,16.8,0.6,1.5
鲩鱼,鱼虾蟹贝类-鱼,58.0,113.0,16.6,5.2,0.0
鲩鱼,鱼虾蟹贝类-鱼,100.0,283.0,24.0,16.5,9.6
